CaseOrder,HighBlood
6718,0
1348,0
4784,1
9876,1
7573,1
6835,0
374,0
6429,1
6739,0
1028,0
4480,0
9369,0
8104,0
2664,0
9231,0
5000,0
5295,0
1336,1
6745,1
3292,0
4888,0
6175,0
3376,1
9757,1
8334,0
3389,1
6385,1
3247,0
5648,1
1537,0
4553,1
3379,0
1747,0
9632,0
1178,0
8015,0
1474,0
7098,1
6423,0
2900,0
6747,0
4679,0
1218,0
8396,0
6865,1
6225,0
2265,1
255,0
2057,1
9122,1
4250,0
7047,0
8940,0
5093,1
6258,1
514,0
8299,1
542,1
9736,0
7187,0
6874,1
9329,1
285,1
9038,0
4295,1
3412,1
1748,0
1930,1
1954,0
5224,0
3264,0
5402,1
8797,1
5118,0
2387,1
6655,0
1872,0
8575,0
6004,0
6020,1
3784,1
3324,1
4170,1
162,1
9220,1
1503,0
2933,0
9180,1
8832,0
7037,1
6742,0
9478,0
1690,0
1824,1
3434,0
9073,0
7334,0
1061,1
3249,0
9087,1
4609,1
7843,0
1065,1
2881,0
1802,1
8251,0
6925,0
5446,1
5970,0
7147,1
1248,1
1383,0
6537,1
4904,0
9569,1
336,0
5179,0
92,0
863,1
7536,0
4800,0
297,0
1145,1
756,0
1861,1
687,1
4602,0
2132,1
8297,1
9879,0
6259,0
1723,0
5912,0
9089,0
5773,0
4455,0
3509,0
622,0
8023,1
4970,1
4811,1
6767,0
7084,0
1454,0
2176,1
9206,1
1207,1
2427,0
2373,0
1838,0
7497,0
7026,0
2852,0
2751,0
7853,1
9826,0
9337,0
755,1
3255,0
4884,0
9910,0
616,1
3894,0
3039,1
7488,1
7412,1
3940,0
4473,1
8090,1
5730,0
2997,0
4778,1
2104,1
7017,1
7616,1
9971,0
9288,1
2270,0
3937,0
3005,0
6669,0
8887,0
1240,0
9837,0
7637,0
2928,0
3365,0
5326,1
5537,1
58,0
8393,1
153,1
2703,0
394,0
8899,0
445,0
8649,1
543,0
488,0
8273,0
6997,0
428,1
3520,1
1027,1
4582,0
1904,0
7114,1
6639,0
8731,1
77,1
2129,0
90,0
2679,1
2859,0
1819,0
2824,0
1224,0
2,1
6504,1
5956,0
313,0
4839,1
3476,1
2173,0
4161,1
9806,0
6604,0
938,1
4397,1
1347,1
8445,1
1656,1
4571,1
9254,1
7464,0
9411,1
5481,0
9754,0
1554,1
4541,0
5152,1
6286,0
5089,0
1937,1
505,0
1356,1
3953,1
4360,1
5216,0
9793,0
1510,1
888,1
8248,0
1023,0
469,1
6671,0
6098,1
8359,1
4248,0
8457,0
1912,0
2102,1
6374,1
4287,1
9673,1
4198,0
869,0
3372,0
5042,1
9676,0
3338,0
5343,0
8071,1
8379,1
5404,0
5820,0
989,1
6524,1
9932,0
8016,0
6996,0
7189,0
6588,0
3029,0
987,1
4599,0
2171,0
5887,1
8429,0
7011,0
6182,1
5090,0
3802,0
6411,0
4267,0
1169,1
6729,1
6030,0
1141,0
8162,0
3823,1
6128,1
5630,0
4629,0
6603,0
3741,0
1574,0
968,0
4014,0
2597,1
2670,1
2276,0
923,0
5286,1
8428,0
7255,1
3206,0
9649,1
3708,0
6905,0
8909,0
7352,1
1418,0
6743,0
7518,1
9993,1
4091,1
2430,1
7392,1
3040,0
6722,0
7328,0
2052,1
7804,1
9740,0
5824,0
9927,0
1596,0
5453,0
8723,0
511,1
6026,0
4936,0
8285,1
1479,1
7570,1
5116,1
4467,1
1753,0
5337,1
5134,1
8961,0
705,0
3427,0
2541,1
7574,1
5220,1
9135,1
1407,0
1084,1
6148,1
2344,1
541,0
426,1
1737,0
8578,0
2408,0
7639,0
4228,1
7049,0
8021,1
9917,0
9487,1
5473,0
6089,0
7185,0
3230,1
1959,1
7001,1
6013,1
1689,1
6135,1
1767,1
5588,0
7419,0
5102,0
8997,1
8144,0
1907,0
5144,0
4979,0
9441,0
4796,1
3221,1
3182,1
7462,0
7556,1
7050,0
32,1
793,0
2535,1
3260,0
5513,1
4960,0
5522,0
1148,1
3783,1
4057,0
6362,0
2619,1
1570,0
2507,1
5419,0
6422,1
3443,0
2281,0
8037,1
2767,0
1945,1
3761,0
2968,0
9035,1
1894,1
1104,1
9733,0
3055,1
6951,0
8360,0
6315,1
5425,0
9297,1
9055,0
1236,1
8102,1
6247,0
2907,0
4739,0
8063,1
8296,0
4746,0
6439,0
6489,0
6659,0
2740,0
9758,1
2451,0
7557,1
7168,0
2722,0
6519,1
9292,0
6704,0
3268,0
8138,1
3576,0
8643,0
7156,0
4303,0
2807,0
6441,1
7272,0
8550,0
280,1
1590,0
3707,0
1268,0
3296,1
249,1
6136,1
3666,1
7731,0
5528,1
4341,1
4335,0
6029,0
2135,0
4145,1
6513,1
4956,0
411,0
6673,1
3830,0
6892,1
646,0
5017,1
742,0
8398,1
3757,1
991,0
3243,0
5571,0
7902,0
780,1
7165,0
9759,0
2418,1
6191,0
3020,0
2671,0
6541,0
3482,0
2228,1
1522,1
2637,1
2946,1
4084,1
2701,0
1034,0
9776,0
9203,0
3873,0
5707,0
68,1
1631,0
1774,0
524,1
2816,0
3702,1
8412,0
4499,0
2620,1
1943,0
201,0
4389,0
264,1
2908,0
9922,1
6171,1
2390,0
9133,1
2469,0
5306,0
1345,1
5407,0
2935,1
6246,0
9551,1
6520,1
9732,0
7785,1
7433,0
7018,1
4265,0
2950,0
6302,0
1197,0
9943,1
8630,1
9164,0
1550,1
1395,0
7704,0
5663,0
3548,1
9526,1
3536,1
6193,0
8311,0
549,1
2111,0
7349,1
7700,0
2537,0
5207,1
5738,0
9573,1
9422,0
6580,1
6396,0
8787,1
3399,1
7115,0
3826,0
5293,1
829,0
6398,0
5159,1
1527,0
9769,0
695,0
3618,1
6841,0
744,1
1381,0
2819,1
9096,0
6235,0
8121,0
8522,1
1794,1
4540,1
9852,0
7528,0
8191,0
4743,1
975,1
2355,0
4446,0
7951,1
1246,0
2209,0
3326,1
6119,1
1447,0
3899,0
7832,0
7938,0
8742,1
8995,0
2426,1
3835,0
2893,0
3625,1
7726,0
5395,0
2630,0
292,0
883,1
1508,0
884,0
4083,0
3382,1
8333,0
876,0
6903,1
8173,0
2842,1
3261,1
669,0
2128,1
1540,1
7002,0
5436,1
707,1
7633,0
8087,0
8919,0
7691,1
3946,0
7930,1
9525,0
9765,1
6845,0
553,0
9787,0
760,1
147,0
846,1
9844,0
8495,0
7560,0
6498,0
9595,0
9153,1
9274,0
2540,1
4977,0
7196,1
4795,1
7961,1
8571,0
9596,1
6938,1
9171,0
5510,1
1394,0
5655,0
3629,0
6217,1
2289,1
2007,0
3466,1
2955,1
7458,0
6993,1
5038,1
6347,0
1209,1
311,0
2389,0
3490,1
6785,1
9218,1
597,0
7869,0
9432,0
131,0
8727,1
2159,0
425,1
5105,0
7214,0
1456,0
6272,0
6068,0
7577,0
4357,0
1297,1
9131,0
4814,0
6635,0
1132,1
6139,1
1786,0
9633,0
803,0
465,0
256,1
6975,1
6628,0
7663,1
4992,1
2316,1
5161,0
3404,0
614,0
7289,0
8656,1
5349,0
4674,0
8807,1
8312,0
3151,0
1986,0
3617,0
4227,0
7191,0
4797,1
7525,0
3595,0
7326,0
266,0
6818,1
1781,1
7387,0
2081,0
8341,1
3841,1
4362,1
8092,1
3080,1
5199,0
6667,0
6968,1
6195,1
7383,0
1485,0
7290,1
796,0
9727,0
4914,0
3925,0
1640,1
6720,0
6253,0
6613,0
1893,0
9801,0
5329,0
3186,0
1985,1
7080,0
8096,1
899,1
6800,0
9417,0
1535,0
3140,0
714,0
521,1
1957,0
408,1
9178,0
9704,0
4965,1
1291,0
4065,0
3722,0
1818,1
8604,0
9485,1
218,0
3063,0
1139,0
5472,0
8323,1
720,1
8867,1
6875,0
2915,1
908,0
8269,1
4124,0
1682,0
3979,1
2846,0
9871,1
6412,0
4891,1
547,1
7211,1
1249,0
843,0
3214,0
3459,1
8277,0
949,0
1155,0
7341,0
627,0
1766,0
1652,1
703,1
4062,0
7883,0
778,0
7067,0
588,0
4903,0
1867,0
5462,0
6379,1
447,1
9246,1
7416,0
4868,1
7267,1
9348,1
2127,0
5237,0
5231,0
5949,1
3788,1
9498,0
9499,1
7719,0
3587,1
9856,1
9533,1
1529,0
3224,0
5443,0
719,1
7540,1
9481,0
4377,1
1769,1
9643,0
6863,1
2353,0
7657,0
4444,0
7845,0
6113,0
322,0
3591,0
6070,0
4298,0
4487,1
3139,1
9273,1
1992,1
8292,1
11,1
2040,1
3485,0
4875,1
7858,1
7363,0
4070,1
9996,1
7288,0
7897,1
8524,0
3111,1
1506,0
6277,0
364,0
2831,0
8433,1
5033,0
2226,1
3582,0
6782,0
6570,0
692,0
1849,0
3225,0
2945,0
8435,1
5150,0
3765,0
9394,1
6170,0
8013,1
8313,1
858,0
4117,0
2470,1
8241,0
4529,0
8937,1
5210,1
2994,0
8640,0
4414,1
7180,0
343,1
9181,1
1721,1
815,0
4843,1
8577,0
2844,1
5740,0
8975,0
1610,1
680,1
2439,1
9157,0
6606,0
5879,1
3162,0
7735,1
3510,0
794,1
4249,1
1715,0
6651,0
4963,1
2508,0
4050,0
2489,1
190,0
4154,1
482,0
3920,1
173,1
1135,0
9176,0
140,1
9547,0
3586,1
9625,0
1453,0
5713,1
3886,0
5410,1
6744,1
7836,0
7685,1
6753,0
5500,0
6449,1
6157,0
7346,0
4374,1
2004,0
7952,0
5742,1
4984,1
8383,0
4550,0
1260,0
4324,1
4325,1
2359,0
18,0
9301,0
5049,0
3123,1
2163,1
3169,1
663,0
879,1
9691,0
8107,0
7471,1
6072,0
5212,0
5539,0
2036,1
227,0
1997,0
5133,0
4260,0
7427,0
3393,0
5393,1
197,0
4059,0
2156,0
8861,0
7761,1
8354,0
2475,0
6470,1
1702,1
4547,0
643,0
1299,0
6916,1
2422,0
7915,1
141,1
8066,1
2008,1
7444,1
4934,0
9342,0
5087,0
9482,0
9370,1
8370,1
1410,1
5113,1
4818,1
7055,1
1083,0
9577,1
9731,1
4217,1
1054,1
2863,0
6540,0
5532,0
3098,0
4305,1
6436,0
9105,1
7767,0
2544,0
912,1
8745,1
3192,1
8699,1
8641,0
401,1
8981,0
2715,0
1940,1
3798,0
8220,0
5145,0
9592,1
3219,0
4308,0
3087,0
2621,0
9136,1
6645,0
4566,0
6587,1
2024,0
1961,0
540,0
7586,0
8744,0
12,1
5239,1
5110,0
381,1
398,1
3355,1
3970,0
9013,0
194,0
8128,0
8324,0
3383,1
8858,1
217,0
4938,0
6858,1
3472,0
8783,1
4670,0
7537,1
8533,0
3848,0
1553,1
920,0
2812,1
7240,0
7421,1
8384,1
3449,1
6861,0
8525,0
4570,1
7124,1
7690,0
6794,1
5731,1
2571,0
7940,1
6529,0
8100,0
3922,0
7515,1
1247,0
9194,0
8131,0
2237,0
6854,0
6125,1
7401,1
4334,0
7388,1
2981,0
6146,0
3685,0
7015,0
2705,0
4210,0
5,0
2236,1
2199,0
2568,1
4424,0
2165,0
1221,1
2515,1
2847,0
9101,1
2838,0
1515,0
5467,0
689,1
7597,1
3119,0
1995,1
4240,0
6762,0
533,0
6509,0
6593,0
399,0
7920,1
9242,0
1021,0
9585,0
1351,1
3350,1
4680,0
6658,0
9930,0
9576,1
5662,1
4490,1
6706,1
9268,1
1541,0
8239,1
8756,0
4911,1
7599,1
1051,1
9557,0
6336,1
6690,1
9202,1
658,0
7370,0
8345,1
6839,0
1168,1
7466,1
8487,0
9377,0
8003,1
7436,0
56,1
4417,0
1075,0
4874,1
2282,0
4326,1
8976,0
442,0
5138,0
7247,1
6812,1
4827,1
7195,0
4036,0
6268,0
3619,0
4658,0
6156,0
6167,1
1942,0
3180,0
2480,1
5889,1
2632,0
7594,1
7881,1
7068,0
4276,0
7772,0
4612,0
2574,1
4791,1
6564,1
9435,1
2735,1
9272,1
6473,0
1562,1
8278,0
3006,1
6826,0
7986,0
2438,0
7404,0
2780,1
7613,0
801,1
6341,1
9378,1
1691,1
7461,1
8653,1
7207,0
9599,1
2485,0
1389,0
5958,0
2415,0
717,0
7850,1
649,1
2133,1
2448,0
1949,1
8414,1
9648,0
3661,1
3895,0
2005,0
6211,0
906,0
6097,0
9612,1
7389,0
2850,1
1746,1
8741,0
7345,0
9175,0
8505,1
9987,1
5842,0
6256,0
9187,1
1559,1
5243,0
6321,1
9025,1
8776,1
2514,0
3874,0
9866,1
9694,0
4107,0
823,0
7587,1
6641,0
8646,1
7959,1
6484,0
9062,0
9239,1
3220,0
9463,1
8850,0
179,0
2139,0
6941,1
4095,0
6964,0
5871,0
3322,1
5197,0
1445,0
2490,0
1659,0
3938,0
6447,0
9999,0
7136,0
7535,1
3993,0
1440,0
7292,0
127,0
4552,1
4329,1
2248,0
615,1
832,0
346,1
978,0
5451,0
5170,0
907,0
6881,1
3728,1
5640,0
5614,1
1770,1
5120,0
9873,1
8609,1
5012,0
5045,1
1593,1
8111,1
6582,0
6150,0
2367,0
3171,0
8422,0
5171,0
7678,0
8685,1
2117,0
2412,0
9225,0
5069,1
4093,0
4705,1
4562,0
5384,1
7259,1
8648,1
1630,0
5687,0
5071,0
6228,1
9644,0
3075,0
5187,1
489,1
107,1
2325,0
9553,0
7300,1
2618,0
9916,0
2638,0
3138,0
8923,0
4441,0
1452,1
8192,0
2610,0
9355,0
429,0
3924,0
5281,0
802,1
3975,0
6226,1
3,1
2809,0
7622,1
3242,1
1868,0
1005,1
4719,0
5455,1
9777,0
2131,1
6346,1
3134,0
6508,1
7879,1
694,0
8507,0
4421,0
6203,0
6749,0
9093,1
2066,1
1176,0
8418,1
1499,0
4932,0
6714,0
3836,1
8603,0
3860,1
5127,1
6062,0
791,0
1047,0
2078,1
7031,1
3394,0
432,1
8262,1
2771,0
1576,1
7933,1
5691,1
3596,0
8361,0
4142,0
4574,1
3584,0
2327,0
2866,1
1500,0
6464,1
6860,0
70,0
4964,0
4773,1
7450,0
7800,0
1487,0
2957,0
161,1
1585,0
9655,0
6733,0
4654,1
4769,1
3205,0
9115,0
5304,1
6116,0
1573,0
1619,0
2464,1
583,1
730,1
8528,1
4715,1
6517,0
4320,1
8766,1
7347,1
9455,0
8008,1
8304,0
1319,1
8423,1
2307,0
8132,1
5771,0
9053,0
3608,1
5569,0
4756,1
3235,0
4262,1
8235,1
8490,1
7871,0
8402,0
4289,1
9313,1
6038,0
9416,1
2186,0
5497,0
4268,1
976,1
1672,0
2267,0
6963,0
5963,1
2942,1
9381,1
8140,1
3019,1
5673,0
633,0
6958,0
3211,1
5803,1
7173,1
5623,0
3112,0
4516,0
3917,1
1653,0
4681,0
3245,0
6545,0
8613,0
7549,1
344,0
7423,1
7847,0
7143,0
4787,0
1523,1
9677,1
2143,1
562,0
5015,0
4597,0
9082,1
3454,0
8966,1
5745,1
735,1
5056,1
9359,1
5567,1
5318,1
9439,0
2268,0
7129,0
1524,0
5560,1
1257,0
9294,1
7988,0
4037,1
9042,0
4523,0
5615,0
5379,1
6050,0
6758,0
5211,0
1725,1
40,0
9316,1
7581,0
8064,0
1386,1
3400,0
8054,0
947,0
9228,0
5072,0
2385,1
667,0
1366,0
1860,0
2361,0
5193,1
9527,0
320,0
1363,1
170,0
3621,0
7044,1
1384,0
5429,1
2423,1
9716,1
924,1
3636,0
182,1
4047,0
9442,0
3218,1
2234,0
6548,0
1114,0
8634,1
1108,0
4958,1
5287,0
668,1
750,1
2183,1
8813,0
6015,0
813,0
7209,1
5923,1
2297,1
5946,0
9474,0
9668,1
8089,1
4508,1
674,1
4544,0
427,1
6057,0
1708,0
7572,1
9040,1
6917,0
2215,1
8069,0
3136,1
9132,0
6900,1
4460,1
2501,0
2727,1
6983,0
7791,0
271,0
7242,1
9909,0
5088,0
9255,0
4771,0
9805,0
3806,0
666,1
1285,1
3321,0
9703,0
1642,0
2978,0
5932,0
8355,1
1600,1
4825,1
7890,0
6100,1
6649,0
2288,1
3172,1
545,0
6849,1
4482,1
2801,0
2909,1
3152,0
9117,0
8598,0
9710,0
1274,0
3701,1
4641,0
7482,0
9563,0
8342,0
5173,1
8459,0
5123,0
6358,1
5860,0
9608,1
1355,0
1987,0
7526,1
5729,0
2401,1
5223,1
1471,1
7380,0
4453,0
4173,1
1068,0
5154,0
762,0
82,1
7183,1
6928,1
2536,0
2741,1
1136,0
6725,1
8019,0
1821,0
1481,1
2038,0
446,0
5983,1
2640,0
8095,0
3073,0
7445,1
6280,1
9560,0
9669,0
4653,0
8709,0
1004,1
9464,0
9686,1
9541,0
7491,1
3949,0
5873,1
3142,0
7625,0
5322,0
1397,1
7362,0
8788,0
2238,0
9753,0
458,1
6477,1
4760,0
5452,0
8417,1
4512,1
7807,1
9412,1
7260,0
2020,0
2462,1
9230,0
349,1
4648,1
5219,1
177,0
7931,0
7794,1
7996,0
9979,0
5391,1
8911,0
5783,0
2360,1
4009,0
7409,0
146,0
3992,1
5196,1
8838,1
3197,1
6670,0
5654,0
8669,0
7721,1
1143,0
9471,0
5917,0
2134,1
806,1
2189,0
6578,0
7970,1
546,0
5858,0
8775,1
6589,1
2155,1
4280,1
7167,1
1709,0
1658,1
5892,0
7449,1
9321,1
6152,0
5813,0
6950,1
4043,1
1390,0
6576,1
2169,1
5934,0
862,1
4917,0
6732,1
6197,1
3505,0
7689,1
5558,1
2014,0
2522,1
2379,0
526,0
3191,0
109,1
8040,0
1594,1
3481,0
93,0
8549,1
479,1
5189,0
6451,0
7510,0
761,0
4539,0
2894,1
5916,0
8935,0
5284,0
4665,1
9190,0
5827,0
4925,1
6284,0
3680,1
2239,1
8309,1
7856,1
3114,0
1095,0
8408,0
2598,0
2647,0
3246,0
8426,1
2206,0
6813,0
5085,1
3859,0
4256,0
7598,0
2577,1
5579,0
4302,0
5019,0
8822,0
3354,0
8973,0
8029,0
378,1
582,1
2115,1
3675,0
1372,0
200,1
4820,1
5578,0
7778,0
8639,0
6078,0
6809,0
2758,0
2335,0
7609,1
4626,0
5689,0
5432,1
844,0
1665,0
5137,0
3105,0
1261,0
4912,1
9670,1
8716,1
4136,1
1226,1
8183,0
3415,1
6327,1
1420,1
9444,1
9925,0
6779,0
9399,0
2763,1
1235,0
6126,1
5957,1
9483,0
3363,0
8615,0
8159,0
5198,0
5593,0
3022,0
9614,1
2666,1
5358,0
5401,1
8257,1
7517,1
2779,1
3933,0
5484,0
9586,0
5681,1
8506,1
2538,0
7621,0
4156,1
691,0
7216,1
7715,0
6872,0
2761,0
7376,0
5527,0
6643,1
2775,0
5364,1
5877,1
424,1
9306,1
3251,1
2287,0
2646,1
1901,0
652,1
37,0
2074,0
5531,1
2603,0
6144,1
4804,1
8763,0
3303,1
4872,0
3269,1
7479,0
6581,1
5968,1
8956,0
6586,0
9756,1
1657,1
8939,1
4941,1
6955,0
7475,1
7521,1
9661,0
9341,1
9050,0
7118,0
8137,0
6274,0
121,1
7236,0
8135,0
5659,0
2990,1
3872,0
5006,0
4206,1
9247,0
9623,1
4488,1
4469,0
2185,0
214,1
9698,0
6780,1
4558,0
6248,1
632,0
3839,0
7264,0
872,0
4916,0
318,0
3904,0
4764,0
5821,0
3663,1
7842,0
3563,0
382,0
2154,0
9750,1
4858,0
2018,1
1645,1
7798,0
3519,1
9107,0
1294,0
9280,0
5808,0
60,0
8470,0
4761,0
6676,0
1278,0
4568,0
8213,1
6677,1
6751,1
2278,1
3557,0
892,0
8882,0
4988,1
9689,0
589,0
5370,0
404,0
929,0
3935,1
7054,0
5378,0
283,0
2818,0
8448,0
1437,1
2044,0
9495,0
8889,1
4068,1
5637,0
6216,0
2798,1
6637,0
9998,1
7771,0
2777,0
2545,1
9964,1
5350,1
2346,0
7095,0
6595,0
5247,0
1211,0
3974,1
2926,0
307,0
5700,0
3589,1
7056,0
5431,1
2077,0
2051,1
4180,0
635,1
2629,0
2711,1
1414,0
2726,1
1755,1
6107,0
4376,0
5174,0
5778,0
4659,0
6177,1
537,1
6040,0
9098,0
7082,0
396,0
5622,1
9078,0
4707,0
5829,1
8376,1
8022,0
270,0
4758,0
7658,0
6278,0
1947,1
4106,0
4945,1
504,0
6207,1
605,1
3422,0
4745,0
2208,0
6392,0
6427,0
4484,0
1215,1
6532,1
8391,0
7061,0
2122,0
4655,0
3928,1
3079,1
4594,1
2793,1
6386,0
5474,0
2370,1
8446,0
4772,0
216,1
481,0
6703,1
9827,1
1946,1
4312,1
2580,1
2336,0
1900,0
5043,0
2093,0
6352,0
1810,0
6842,0
3411,1
7142,1
222,1
3163,0
9279,0
2432,0
9260,0
9683,1
1252,1
1984,0
7610,1
6954,1
4981,1
5853,0
2332,1
8086,0
8908,1
8628,0
185,1
4071,0
6300,1
1331,1
8486,1
2188,0
6319,0
4474,1
7355,0
150,0
4976,0
1936,0
4477,0
8942,1
1871,0
716,0
8147,1
8301,1
8208,1
6679,0
5146,0
2190,0
6824,0
8014,1
8179,1
6118,1
8922,1
6930,0
5121,0
6306,1
7619,0
3626,1
8210,1
2243,1
3643,0
1694,1
9158,1
2500,0
8796,1
2539,0
7538,0
1122,0
1434,0
3301,1
3918,0
3725,0
4358,0
8463,0
3682,1
9705,0
1439,1
4345,1
4440,1
7164,1
4288,1
178,1
3610,0
8207,0
1441,1
1625,0
7649,0
4349,0
3756,0
6895,1
3068,0
1587,1
8385,0
608,1
7006,0
8677,1
6461,0
9874,0
9506,0
2349,0
4615,1
5661,0
3777,0
4459,0
175,1
1213,1
1071,0
366,1
5984,1
7365,1
9697,0
1564,0
8771,1
3594,1
7707,0
5603,0
7009,1
9108,1
7652,1
861,0
5672,0
6597,1
951,0
8770,1
7262,0
4163,0
4589,1
3624,0
7132,1
1070,0
5445,1
5336,0
5547,1
1759,0
3735,1
2274,1
4518,0
338,0
5027,0
4187,0
5274,1
9877,1
7891,0
8219,1
772,0
538,0
736,0
4304,1
3770,0
5975,0
1626,1
7695,0
5541,1
6959,1
9343,0
4902,0
6567,0
3344,0
1899,1
3641,1
15,0
848,0
2728,0
8203,1
2991,0
7210,0
412,0
2983,0
7403,0
517,0
2941,0
2065,1
3092,1
4840,0
3852,0
4576,0
7351,0
9148,0
4730,0
9236,1
6381,1
1187,0
5530,0
9524,1
2088,1
284,1
1314,1
8145,1
3160,0
2048,0
4623,0
3130,0
57,1
5351,1
2684,1
9802,0
5761,0
8689,1
7833,0
647,0
3542,0
7682,0
753,0
958,0
4167,0
1707,0
4224,1
3704,0
2902,0
3026,0
2056,1
9484,0
94,0
5607,1
6885,0
9001,0
3170,1
618,0
4712,1
4831,1
7848,0
2975,0
6886,0
3740,0
6043,1
9896,1
4290,0
4401,1
5854,0
7013,0
2626,0
5697,1
1368,1
3168,0
5739,0
9929,0
1306,1
9613,1
302,1
1846,0
3445,0
2803,0
8004,1
3656,0
4846,0
1856,0
7643,0
2772,1
4492,0
1870,0
3099,0
449,1
6691,1
8420,0
6006,1
7739,1
3567,0
2136,1
9386,0
985,1
6754,0
8551,0
2578,0
3883,0
9323,0
5104,0
9773,1
1182,0
1887,1
6977,0
4664,0
3537,1
5576,1
1428,0
3229,1
8994,1
895,1
2953,0
9210,0
3391,0
4830,0
8820,0
6702,0
6891,0
5044,0
2833,0
4462,1
6807,1
7966,0
5769,1
6123,0
2698,1
5776,1
8256,1
4600,0
4954,1
1361,1
9620,0
3156,0
1133,1
5139,0
3431,1
9335,0
102,1
992,0
9219,0
8661,0
6777,0
6786,1
1344,0
1536,0
4683,0
9961,0
3050,1
4153,1
9835,1
9708,0
5317,0
7509,0
7781,0
7443,0
8987,1
8536,1
8768,0
677,1
5800,0
323,0
4643,1
8873,0
3585,1
828,0
466,1
2494,1
3000,0
8494,0
6276,0
5460,0
3803,0
5245,0
6085,0
983,1
4486,1
6969,0
7451,0
9640,0
9786,0
9345,1
4920,0
8970,1
7607,0
9256,1
9430,0
4808,1
1875,0
3554,0
2241,1
3166,1
232,1
9981,1
8946,0
7426,0
2661,1
5340,0
7116,1
2217,0
8317,0
8166,1
6087,1
534,1
6162,0
3590,0
619,0
6939,1
8504,1
2659,1
5258,0
5870,0
6010,1
2958,0
8538,0
2985,1
712,0
4867,1
7294,1
221,0
8734,0
4322,1
4573,1
1971,1
6698,1
2230,1
8055,1
7508,1
7531,0
9770,1
7215,0
2817,0
2320,1
3300,0
9466,1
9605,0
8024,1
6083,0
2645,0
6069,0
7274,0
7818,1
8310,0
309,0
9849,0
8193,0
1827,0
9169,0
3668,0
268,0
9809,0
2569,1
303,1
1808,1
2986,0
2839,1
3122,1
3947,0
9336,0
1711,0
700,1
5495,1
8351,0
8786,1
215,1
6158,1
915,1
27,0
6044,1
4517,0
3288,0
840,0
6822,1
7144,1
468,0
4452,1
8484,0
971,0
8698,0
2098,0
1066,1
865,0
2437,0
9717,0
9217,0
5594,0
3291,1
2781,0
6034,1
8447,0
4817,1
5427,0
149,0
5658,0
1693,0
2612,1
4044,0
7741,0
1613,1
4751,0
6914,0
8624,1
2407,0
226,1
2520,0
5596,1
2376,0
3847,0
5666,1
9939,0
2463,0
5678,0
9029,0
5018,1
2000,0
4301,0
3944,1
7339,0
4734,0
2920,1
5125,1
5155,0
8905,0
2247,0
3736,0
4033,0
4409,0
8666,0
6952,0
7374,0
5470,0
2400,0
4522,0
1152,0
2657,1
5399,0
9048,1
1958,0
8084,1
8474,1
1850,0
7680,0
7174,1
7811,1
6843,0
6719,0
4944,1
4974,1
230,1
4277,1
9043,1
5344,1
4608,0
420,0
2429,0
9282,1
2377,1
8927,1
5013,0
3811,0
7166,0
9587,0
3491,1
3645,1
7179,1
3007,1
3880,0
306,1
4367,1
2584,1
6459,0
6907,1
2404,0
6155,1
1167,1
475,1
5960,0
8894,0
6232,0
265,0
7916,0
7295,1
580,1
7947,1
9283,0
2027,0
1581,1
8830,1
8294,0
3319,0
6707,1
2465,1
3954,0
6730,1
5516,0
4580,1
7561,1
3336,1
2605,0
9059,0
812,0
3556,0
1765,0
3315,1
3461,1
1592,0
1279,0
7667,0
613,1
1972,0
1049,0
2125,1
4533,0
4725,0
6218,0
5222,1
2365,0
2961,1
4331,1
8674,0
2179,0
8455,0
1352,0
1073,0
5938,1
7308,0
7632,0
205,0
5754,0
6820,1
2227,0
8232,0
1298,0
1667,1
6851,0
304,0
1190,0
4318,0
9807,1
1687,0
2275,0
1326,0
6560,1
4520,0
4185,1
8581,0
3834,1
4152,1
8244,0
9192,0
9290,1
6701,1
1782,0
5194,1
1696,0
9363,0
7432,0
8825,0
9713,0
6394,0
6684,0
6293,1
1100,1
9512,1
2792,0
2685,1
1864,0
4375,0
9289,0
7640,0
5414,1
9357,0
5939,1
2851,1
1423,0
4895,1
1432,0
6625,0
9847,0
3256,0
3418,0
9137,1
7134,0
7963,0
4675,0
9454,1
5556,0
9034,0
554,0
7104,0
1328,0
8059,1
732,1
2585,1
3145,1
8891,0
6653,0
4177,1
3103,0
5228,0
4581,1
6202,1
6080,0
4892,1
3078,0
9465,0
406,1
6750,1
1787,0
3155,0
7182,1
8156,1
3254,1
9334,0
5209,0
7554,1
5590,0
6401,0
6450,0
9317,0
3043,0
67,0
781,1
7605,1
8711,1
6686,1
7053,0
9760,1
4403,0
317,0
1119,0
7995,1
8168,0
7446,0
4355,0
8952,0
8352,0
7391,0
9234,0
8688,0
6788,0
3858,0
565,1
886,0
6446,0
6255,0
4092,1
1532,0
2551,0
9741,0
6311,0
4790,1
2192,1
7227,1
4689,1
8586,0
4373,0
2204,0
3948,1
4842,1
433,1
7022,0
956,0
7552,1
7422,1
641,0
3541,0
9903,1
9674,1
4513,0
1501,0
5926,1
5064,0
3031,0
1975,0
151,1
7234,0
3840,0
4863,1
7254,0
5993,1
1519,0
4990,1
8842,1
4069,0
6088,0
7955,0
2130,0
1035,0
7058,0
2653,0
4621,0
5723,0
3419,1
1457,0
5796,1
4392,0
2890,1
9504,1
184,0
4704,1
2413,1
7926,1
8601,1
2211,0
5341,1
2916,0
9451,0
1058,0
3774,0
34,0
1772,0
6833,0
9980,0
688,1
9817,0
3814,1
7097,0
2503,1
3277,1
7614,0
4245,1
7280,0
2675,1
1272,1
7660,0
4200,0
880,1
8582,1
2733,0
3651,1
6263,0
824,1
4596,0
3766,1
342,0
3317,0
4998,1
8636,0
3529,1
3154,0
8791,0
8118,1
1059,0
9026,0
9820,1
7278,0
7993,1
5506,0
3531,1
8088,1
6648,0
9240,1
7541,1
3642,0
6094,0
7085,0
4575,1
5368,1
9654,0
9161,0
1323,0
890,0
7321,0
5131,1
3998,1
2295,0
7532,1
3990,0
9955,1
2357,0
8614,0
5439,1
3683,1
1154,1
3646,1
79,1
859,1
7096,1
8866,0
6016,1
7880,0
610,0
8514,1
5928,0
3800,1
8583,0
9828,0
4714,0
6678,0
9823,0
4563,0
6837,1
3657,0
4666,0
529,0
4454,1
8814,1
8607,1
4094,0
9424,1
8453,0
777,1
3558,0
845,0
7762,1
5203,0
3161,0
8673,1
8201,0
3845,0
1488,0
4718,0
1586,0
301,1
9434,1
7063,0
3528,1
4398,0
7697,0
3900,0
8717,0
5629,0
5360,0
9735,1
7149,1
1847,0
3698,1
7542,0
2521,0
7722,1
9687,0
114,0
5874,1
2877,0
3742,0
6631,0
9629,0
699,0
1007,0
4000,0
3117,1
3691,1
368,0
7457,1
2251,0
4337,0
6082,0
2488,0
2340,0
5261,0
4356,0
2691,1
8134,0
7291,1
8548,1
9470,0
885,0
910,0
4197,1
5080,0
2068,0
4871,0
5982,1
5450,1
3159,1
9493,1
4218,1
9915,0
7604,0
7014,0
7130,0
9685,0
2499,0
3538,0
7369,1
6577,0
9068,1
5218,0
8544,0
1096,0
2682,1
5644,0
8608,0
262,1
9738,1
1001,0
993,0
38,0
3767,1
3177,1
9250,0
581,1
9141,1
1681,1
2296,0
5269,0
9797,1
1264,1
6987,0
964,0
3305,1
7304,1
9144,0
501,0
9904,0
9825,0
2804,1
8836,0
8982,0
7073,0
410,0
5852,0
7038,0
1161,0
857,1
7983,0
4272,0
2395,1
6406,0
585,1
1719,0
4475,0
4146,0
8338,0
9397,0
919,0
6213,0
5517,0
3287,1
3850,1
675,1
5242,0
2473,0
9298,1
909,0
851,0
6538,0
4837,0
4246,0
4788,1
740,0
2523,0
9099,0
7343,1
3388,0
960,0
3513,1
116,1
8849,1
6559,0
7834,1
6721,0
5592,0
6620,0
247,1
8811,0
123,1
7796,0
5816,1
8769,0
6553,0
711,0
6185,0
6853,0
822,0
386,0
4196,0
3772,1
8753,0
8886,1
6893,0
2181,1
4859,0
9615,0
9908,0
871,1
5992,0
471,0
3635,1
2363,0
4252,0
5733,1
3983,1
6132,0
9936,0
135,1
6236,0
3915,1
277,1
9150,1
7244,0
7829,0
6073,0
7747,0
3543,1
3124,1
5759,0
484,1
1325,0
3530,0
2667,0
9146,1
1032,0
9229,0
33,0
3931,0
115,1
5091,0
7039,0
9237,1
9244,1
7654,1
464,0
3851,0
2562,0
1232,0
5881,0
575,1
6973,0
8271,0
6967,0
7893,0
8678,1
1063,1
8044,0
8854,1
8439,0
754,0
456,0
5536,1
7886,1
3831,0
8962,0
7320,0
4557,0
8874,0
3911,1
1674,0
2178,1
7921,1
2658,1
9700,0
3274,0
5488,0
1632,1
3973,1
3746,1
986,0
1637,0
9170,1
4127,0
4856,1
8060,0
808,0
1134,0
5937,1
2879,0
8259,0
5075,0
6018,0
7914,1
7120,0
7860,0
7414,1
1017,0
1549,0
9532,1
2384,0
9388,1
5298,1
8466,0
5195,0
6184,1
3714,0
8949,0
8691,0
1513,1
3878,0
4081,0
9014,0
1908,0
5314,0
1290,0
5777,1
678,1
4987,0
4211,0
8743,0
9829,0
1531,1
5214,1
9083,0
950,0
9366,0
6898,1
9734,0
4395,0
354,0
2089,1
4850,1
3280,1
5234,1
2755,0
9284,0
2046,0
1778,0
1173,0
8413,0
1206,0
6114,0
9635,0
8185,0
7683,0
3605,1
770,0
8616,1
5888,0
7934,1
1738,1
3950,1
4548,0
7974,0
9737,1
2142,1
5554,0
6761,0
9578,0
4967,1
8204,0
5255,1
3632,1
7122,1
4950,1
1969,0
5315,0
487,0
4742,0
104,0
8068,1
2025,0
1055,0
696,0
9722,0
4526,0
8293,1
6847,0
145,1
5367,0
6797,0
6257,0
6060,0
2197,1
2440,1
6252,0
1380,0
2693,0
3374,1
894,1
9346,1
6332,0
414,1
1359,0
9264,1
2205,0
6463,0
3730,0
4755,1
7117,0
7257,0
3034,0
36,0
8123,0
4585,0
642,0
4604,1
7987,0
7455,1
6333,1
6000,1
2409,0
9065,0
2019,0
3413,0
5977,0
9880,0
2963,0
4205,0
1710,0
2080,0
168,1
3167,0
8287,0
6775,1
8579,0
7430,0
7866,1
6482,0
248,1
1288,0
4445,0
7861,0
5668,0
5494,1
3004,0
8083,1
9546,1
3239,0
4239,0
7578,0
7102,1
4935,0
6723,1
921,0
4407,0
837,0
1494,1
4339,1
1189,1
1280,0
2343,0
2354,0
9745,0
9843,1
7036,1
3991,1
2290,0
8793,0
9461,1
9990,0
2723,0
171,0
8479,1
5780,1
3380,1
6736,0
7008,1
1293,0
3786,1
5483,1
9771,0
2225,1
2167,1
4021,1
9790,1
2097,0
6194,0
6363,0
7749,1
6552,0
5807,0
3333,0
5604,0
7064,0
625,0
4985,1
4762,0
535,0
3747,0
2312,1
2213,0
2069,0
5413,1
3825,0
7759,0
1634,1
2486,0
8668,1
9331,0
5160,1
6345,1
771,0
1699,1
8161,1
7230,1
9303,1
3776,1
7335,0
3961,0
3957,1
9656,0
2940,0
3504,0
5935,0
9589,0
3960,0
4147,0
4669,0
2424,0
5936,0
9490,1
4182,0
6880,0
559,0
9752,1
4088,1
1102,1
8377,0
9940,0
1105,0
3428,0
6367,1
9502,0
225,1
5477,1
6033,0
7007,1
5534,0
2144,0
1273,0
1177,0
7024,1
6505,0
4079,0
4406,0
1146,0
1406,0
7884,0
6652,1
4143,0
7,1
3690,0
8243,1
9214,1
9511,0
2399,1
6051,1
3700,0
7103,1
9671,0
476,1
6534,1
3876,0
288,0
9003,1
728,0
5238,0
5843,0
3071,0
8253,1
7231,0
5232,1
2380,0
693,1
8680,0
7470,0
4899,1
5747,1
9285,0
3113,0
4793,0
5702,0
7511,0
159,0
2371,0
2966,1
2860,1
4542,1
9251,0
9641,1
2742,0
5441,1
2887,1
7960,0
8875,0
9794,0
6351,0
679,0
7723,1
4579,1
1921,1
5257,0
239,1
8462,1
6656,0
9875,1
2911,1
9951,1
596,0
4930,0
7171,1
3323,0
6372,0
4015,1
5311,1
3014,0
7283,1
8320,0
4763,1
5947,0
2067,0
4258,0
5849,0
4527,0
7534,0
5632,0
7627,1
6821,1
5132,1
7745,0
849,1
9730,0
5501,1
6876,0
1751,0
6186,1
8062,0
2369,0
6795,1
4832,0
7089,0
7913,0
7440,1
315,1
2229,1
8629,0
7133,1
3737,1
8986,1
7696,0
5535,0
9775,0
4959,1
9080,1
5256,0
8644,1
3760,1
8030,0
3862,0
8007,0
9423,1
1989,0
1679,1
8218,0
321,0
2904,1
7127,1
1262,0
3790,0
2609,0
2939,0
3495,0
6443,0
6693,1
1973,1
6061,1
9058,0
4463,1
7110,1
9681,1
7909,0
8713,0
6924,0
5270,1
1572,0
5182,1
2157,0
1364,0
3721,1
6229,0
552,0
2443,0
2382,0
8106,1
4074,0
5288,0
9453,0
8532,0
4429,0
6124,0
3056,0
7271,0
1963,1
9069,0
9818,1
1913,1
8283,1
9788,1
9205,0
9607,0
3634,1
3533,1
4283,0
9509,0
7523,0
106,0
8764,0
9044,0
2611,1
5157,1
520,0
5449,0
3832,1
5345,1
6573,1
6642,0
9385,0
5684,0
4815,0
8993,0
8627,1
289,0
5605,0
7459,1
6322,1
2718,0
5408,0
8567,0
2402,1
807,0
8247,0
7431,1
5394,1
797,1
45,0
6828,1
5409,1
22,0
9216,0
9379,1
5001,1
8517,0
1993,0
3967,1
1349,0
6091,1
7547,0
8749,0
6816,1
5660,1
4006,0
5781,1
905,0
5201,0
8792,0
2201,1
6497,0
2063,0
7806,1
3213,0
2086,1
4427,0
3952,0
405,0
798,0
2710,1
2032,0
9142,1
6354,0
1668,0
4103,0
7154,1
8002,1
7922,0
7977,0
3551,1
1830,1
6127,0
1229,1
4457,0
9781,1
3780,0
6834,0
6275,0
294,1
9519,1
9721,1
2805,0
1242,0
8819,0
4247,1
8344,0
7659,0
7307,0
3989,0
9011,0
8739,0
9636,1
7976,1
8405,0
7499,0
1996,0
7590,0
8260,1
5772,0
6142,1
3183,0
7476,1
4144,1
9535,0
2421,1
6323,0
9728,1
4857,1
8659,0
8932,0
80,0
6526,1
8036,0
3855,0
5760,1
7729,1
6533,0
9074,0
9631,0
7032,0
6760,0
6940,0
7251,1
2732,1
6378,1
8039,1
2305,1
4495,0
2023,0
1603,1
4537,1
4019,1
4962,1
389,1
9174,0
7644,0
2868,0
9049,1
1662,0
5040,0
3474,0
47,0
2263,0
3958,1
3086,0
2311,0
3278,0
2635,0
9114,0
955,0
6499,0
319,0
7524,0
2160,0
6961,1
8537,0
8475,0
85,1
142,1
8471,0
7635,1
6748,0
4785,0
345,1
7962,0
3258,0
4003,0
8845,0
6234,0
242,1
3263,0
1374,0
3562,0
310,0
8274,0
7333,1
5426,0
8958,1
5720,1
2880,1
9659,0
1731,0
4123,1
5989,0
8222,1
8631,0
7287,0
6689,0
3710,1
598,0
5381,0
6978,0
8152,1
2414,0
4606,0
7500,1
4922,0
1401,0
833,0
3248,1
5482,1
9822,0
5511,0
5930,0
4822,1
4010,1
3271,1
6196,0
6331,1
4627,0
4528,0
8779,0
4847,0
6696,0
5024,0
499,1
7638,1
4586,0
4212,1
5639,0
1820,0
7877,1
980,1
4567,0
5714,0
8392,0
137,1
8801,1
7859,0
1199,0
1848,0
6536,1
3283,1
5143,0
1601,1
2003,1
1649,0
9494,0
6111,0
2841,0
1217,1
4536,0
773,0
6281,1
1978,1
7441,0
5609,1
5416,0
9140,0
8593,1
8286,0
2937,1
3771,1
9296,0
1212,1
7232,0
2280,0
2795,0
495,0
1465,0
2791,0
4149,0
8368,1
8502,0
3926,0
3417,0
6590,0
1477,0
9092,0
1424,0
1341,1
1024,0
1425,0
4348,0
7755,1
6778,0
3002,0
9243,0
8881,0
9609,0
4802,0
8558,0
3499,1
2668,1
6974,0
1088,0
6294,0
5151,0
7774,0
7942,0
293,1
3898,0
1370,0
9123,1
8051,0
6911,1
877,0
5815,0
3805,0
8056,1
3581,0
835,1
2686,1
4809,0
7641,1
4969,0
7177,0
7929,0
8119,0
9761,0
237,1
3559,1
5924,1
6106,0
3884,1
4151,0
2292,0
1375,1
5383,1
4598,0
6531,0
9539,1
2386,0
8098,1
3795,1
139,0
9308,0
2058,0
7906,1
7562,1
8074,1
645,0
5052,1
6787,0
186,1
6616,1
5504,1
7327,0
5980,1
6490,0
576,0
1250,0
7612,1
5028,0
4159,0
2273,1
592,1
3792,0
9387,0
8499,1
4434,0
7751,0
2467,1
6945,0
8892,1
2433,1
4400,1
5465,0
3457,1
8681,0
5204,0
7248,1
8863,0
1756,0
2556,0
3208,1
1231,1
8590,1
1018,0
3165,0
7769,1
4236,0
2182,0
9095,0
6334,1
1305,0
4045,0
9110,0
497,0
385,0
5944,0
1362,0
6261,1
6233,1
1284,0
7686,0
2001,1
977,1
3980,1
1816,1
710,1
2790,0
1188,1
9364,1
4852,0
8672,0
8200,0
9543,0
5555,1
6583,1
5965,0
402,1
2814,1
4089,1
5303,0
2445,1
7753,1
5135,1
984,0
3016,0
3546,1
8968,0
8198,0
1599,0
7139,0
2931,0
395,0
4910,0
5440,1
2222,0
188,0
1611,1
228,1
7138,0
6210,0
867,0
5896,0
4501,0
3061,0
7954,0
4468,1
4642,1
7939,1
7190,1
4448,0
4687,1
1976,1
3560,0
5487,0
5841,0
3910,0
245,0
4317,0
2995,0
1547,1
4315,1
5696,0
8521,0
3962,1
3021,0
8767,1
9121,1
6944,0
3059,0
3410,1
6075,1
4878,0
5158,0
3813,0
7252,1
8733,0
5822,0
4361,1
7285,1
8871,0
9963,1
8246,0
9965,0
8985,1
5503,1
6357,1
2145,1
8263,0
9610,0
9163,0
4402,0
2388,0
6674,1
5719,0
8261,0
809,0
9937,1
637,1
6130,1
4431,0
9431,0
2688,0
6361,1
8186,1
7949,1
7438,1
9505,0
485,0
4313,0
3027,1
1960,0
5319,1
8906,0
8476,0
2776,0
4855,0
3942,0
2405,0
3181,1
7824,0
6942,0
6426,1
5084,0
525,0
2150,0
9523,0
5060,0
5363,0
1598,0
7282,0
2596,0
2047,0
7544,0
7367,0
1151,0
2271,1
2456,1
8194,1
1909,1
8362,1
436,0
1589,0
513,0
5574,0
8556,0
5094,1
9672,0
231,1
9318,1
9748,1
4209,0
3875,1
8868,0
7483,0
4613,0
7393,0
4422,1
604,0
4560,0
7336,1
5458,0
9352,0
3888,1
6329,1
3451,0
4928,1
350,1
6227,0
5612,0
1929,1
4222,0
2042,0
1388,0
990,1
8042,0
775,0
2049,0
7787,0
1031,0
5300,1
9859,0
9433,0
6189,0
6405,1
8622,1
2938,0
1216,0
1493,0
2960,0
7418,0
5856,0
4588,1
8078,1
8518,0
2627,1
1605,0
9473,0
7631,0
3367,0
7783,0
6784,1
5688,1
3623,1
8600,0
3158,0
2583,1
6254,0
7565,0
3194,0
5406,0
948,1
6192,1
8464,0
638,1
1118,0
3602,0
2231,1
252,0
3164,0
5565,1
6304,0
8752,0
7030,0
74,0
2221,1
5316,1
6387,0
1137,0
5184,0
2797,0
3392,0
2110,0
2762,1
2331,1
4336,0
5943,1
8289,1
6571,0
852,1
2922,0
7999,0
2964,1
3223,1
1859,0
4980,0
46,0
945,0
3664,0
6437,1
9365,1
2491,1
8075,1
1271,0
7703,0
1367,0
7395,1
6811,0
9839,0
4012,1
9027,1
701,1
5857,0
1730,0
1267,0
5153,1
5591,1
6103,1
4104,0
9167,0
1628,0
4953,1
1470,1
8127,1
1643,0
7253,0
6492,0
6416,0
9601,1
1606,0
974,1
8052,0
9281,1
1898,1
7679,1
327,1
973,1
8358,1
29,1
5486,0
4307,0
856,0
7019,0
4543,0
8707,1
4157,0
6310,0
9401,0
3640,1
4352,0
1514,1
8202,0
8158,1
2285,0
1839,0
6632,1
7250,1
9618,1
1053,1
946,0
1811,1
629,1
3120,0
8510,0
5376,0
355,0
2867,0
1732,1
3844,1
2687,0
312,1
272,1
2079,0
4909,0
9382,0
76,1
7201,0
4011,1
3999,1
8076,0
8690,0
5817,0
2564,1
2934,1
7472,0
2906,0
1419,0
1673,0
1854,0
563,0
747,0
9901,1
1180,0
4346,1
4625,0
7340,1
2476,0
5188,1
4450,0
3997,0
7020,1
2873,1
8835,1
1181,0
5933,1
8314,1
461,1
1443,1
1701,0
6488,1
451,0
4504,0
6448,1
4716,0
2446,1
4660,1
6619,0
3090,0
8373,1
4026,1
5448,1
560,0
7186,1
599,1
1107,1
3018,0
7163,0
3867,0
1205,0
5650,0
3939,0
5039,0
8267,1
1835,0
4046,0
7624,0
9172,0
8460,0
5994,0
3518,0
8588,0
1744,0
953,0
5563,0
1502,0
7854,0
7592,0
826,1
8781,1
6350,1
1639,1
2483,0
3314,1
4994,1
7093,0
6790,0
5751,0
7981,0
2533,0
4813,0
3498,0
5724,0
6493,0
8038,0
6994,0
6796,0
3137,0
4652,0
9186,0
7301,0
9079,0
4025,0
1357,1
4829,0
4090,1
8921,0
9004,0
397,1
6624,0
8585,1
5521,0
2570,0
6209,0
493,0
7650,0
6065,0
659,0
1644,0
2853,0
4620,0
9699,0
8827,0
5551,0
6556,0
9956,0
7119,0
6920,0
4885,0
5253,1
8596,1
2308,1
9403,0
7453,1
2696,0
25,0
9041,1
2913,1
1511,1
784,0
6384,0
4554,0
8853,1
7543,0
7782,1
6027,1
9371,0
7023,0
6313,0
4478,0
1885,0
7487,0
2015,1
7551,0
6557,1
5775,0
4072,1
1663,0
6190,0
5948,1
9415,1
9634,0
8839,0
2050,0
3849,1
3215,1
6946,0
5331,0
4174,0
2624,0
98,1
316,0
6956,0
6245,0
1884,1
2259,1
3718,1
6773,1
2364,0
5172,0
1111,0
2441,0
5891,0
2301,1
7692,1
5999,1
6947,0
9420,0
8808,0
1831,0
2101,1
1339,0
3522,1
2875,1
4503,1
6271,0
2075,0
9711,1
4131,1
3421,0
8895,1
4192,1
2882,0
9582,1
6369,0
8642,1
866,1
4383,1
1156,1
3306,1
5519,1
7086,0
308,0
4229,0
2949,0
9459,1
9814,1
2563,0
925,0
8461,1
9944,0
3244,0
3762,1
7078,1
9565,0
1430,1
767,1
8332,0
6433,0
3024,0
9789,1
5869,0
4405,0
1641,1
656,1
5186,0
9862,1
8826,1
7688,1
2396,0
8700,0
43,0
7137,0
4241,0
8910,0
3437,0
5954,1
2876,0
4191,1
4384,1
1927,0
2765,0
4017,1
5599,1
9400,0
1629,0
3407,0
5582,0
704,1
8765,1
3580,1
2091,0
7467,1
779,0
7567,1
3809,0
3781,0
1163,0
9486,0
4220,0
453,1
7795,0
4996,0
1851,0
8032,0
6889,1
6239,0
2419,0
7738,1
640,1
4327,0
1080,0
3607,1
329,1
6985,1
3871,0
6120,1
662,0
6528,1
6476,0
1482,0
8195,0
2914,0
6661,1
9568,0
7261,0
9742,1
516,1
6404,1
6208,1
8496,0
4995,1
7514,0
3593,0
9462,1
4556,0
6896,1
741,0
6099,0
132,0
1935,1
7967,0
1793,0
5986,0
8444,0
6039,0
7676,0
6287,1
9408,0
1771,0
8316,0
1863,0
5475,1
5235,1
3527,0
5250,0
9383,0
1948,1
8085,0
838,0
2257,0
8080,0
2306,0
7447,0
9200,1
6890,1
8081,1
7310,0
472,1
5359,0
2193,1
3082,1
1052,0
136,0
1184,1
5041,1
3110,0
6971,0
5736,1
9270,0
9982,0
5512,0
6337,1
6609,0
1337,0
2672,0
4633,1
8163,0
7862,1
8467,1
1200,1
7991,0
4114,1
3966,1
2174,1
8450,0
6912,0
5708,0
2291,0
6400,0
207,0
5734,1
8663,0
6913,1
2748,0
474,0
4744,1
5798,0
5177,0
1991,0
6675,0
8272,1
5053,1
2212,1
8343,1
2345,1
3705,0
7105,0
4860,0
3514,0
4040,1
2614,1
9594,1
4128,1
5898,1
6808,0
6789,1
4601,1
8125,1
8992,0
6222,1
7601,0
7812,0
3566,1
1990,0
4647,1
6806,0
1542,0
7243,0
8988,1
1919,0
5079,1
9984,1
3842,0
4425,0
9084,1
3297,0
5035,0
1466,0
4419,0
4717,1
9796,1
8539,0
7932,1
8390,0
4880,0
2442,0
180,0
5791,0
1120,1
2725,0
2729,0
3653,0
4179,1
7420,1
9729,0
2739,0
3570,0
8224,1
2035,0
6825,1
4132,1
6752,1
751,0
3030,1
8184,0
3751,0
6906,1
850,0
3667,0
1505,0
9897,0
8415,0
9088,1
2103,1
6783,1
9166,0
2453,0
9583,1
6180,0
89,0
6301,1
8155,0
113,0
7111,0
6715,1
5732,0
4919,0
3259,0
2313,1
1878,1
7816,0
3564,0
5585,1
1764,0
496,0
724,1
1195,0
2910,1
1788,0
8546,1
3613,0
6014,1
5244,0
8250,1
1431,1
9819,1
8584,0
7874,0
5709,0
7786,1
7407,1
6415,0
7662,0
8790,0
5265,0
9426,0
5382,1
7277,0
7198,1
365,0
2095,0
6183,1
868,0
3890,0
4451,0
8573,0
1841,0
8276,0
5459,1
3866,0
6699,0
1039,0
1,1
8172,0
1612,0
7799,0
4975,1
204,1
7027,0
279,0
936,0
4915,1
2304,1
5706,1
9094,0
6518,0
7634,0
1974,1
1743,1
2348,0
5764,0
4978,0
6615,1
143,1
9373,0
9332,0
2478,0
35,0
4291,0
4306,0
1905,0
811,1
6025,1
6344,0
8197,0
8363,1
8587,0
5834,1
5617,0
3060,0
6527,0
5818,1
2678,1
6665,1
2810,0
8721,0
5165,0
5552,1
4340,0
2750,0
8006,1
1720,1
9590,1
5328,0
409,0
3569,1
3334,0
8176,1
7898,0
3597,0
5635,1
7566,0
3369,1
8477,0
7608,1
3812,0
8472,1
8736,1
1191,0
2244,0
6312,1
6481,0
8833,0
52,1
1692,1
5562,0
8028,1
3448,1
4188,0
765,0
7892,0
1072,0
5106,0
2449,0
5400,0
6403,0
1259,0
6766,0
4906,1
8933,1
4908,0
5229,0
8732,0
8264,0
5878,0
8394,1
8419,0
9396,1
5809,1
1329,0
5021,0
8482,0
957,0
3628,0
7513,1
4894,0
5682,0
1025,1
4592,1
4510,0
7072,0
4948,1
6633,0
3779,1
9075,1
4176,1
6325,0
8389,0
9238,0
5031,0
8785,1
1869,0
7788,1
7823,1
8840,0
1910,0
4754,1
6763,0
400,1
2987,0
2524,0
5498,0
6827,0
9507,0
2784,1
8542,0
6096,1
3240,0
3396,0
4178,1
1881,0
4845,1
8806,0
9326,0
2967,1
1902,0
5693,0
7505,0
2857,0
3048,1
4691,1
6640,1
212,1
3279,1
7442,0
6149,0
2615,0
10000,0
8169,0
4927,0
48,0
5392,1
8855,0
4706,0
1525,0
3150,1
766,0
5390,0
250,1
7575,0
7003,0
2644,1
3187,1
5850,0
8227,0
9747,1
8437,0
3416,1
1567,0
6798,0
9580,0
774,0
6445,0
1185,0
9537,1
261,1
7012,1
1324,0
6530,1
1941,0
8529,0
3473,0
7083,0
9991,0
100,1
2951,0
671,1
6335,0
5206,1
206,0
2753,0
7048,1
2527,0
383,0
8065,0
5645,0
6368,0
7752,0
5294,0
6348,0
6562,0
550,1
5919,1
392,0
3727,0
8315,0
7172,0
2575,0
7035,1
9762,0
5801,1
5373,0
8374,0
3226,0
8485,0
1627,1
4587,0
7348,1
5726,0
603,1
9425,1
478,0
7593,0
9159,1
785,0
9160,0
81,0
7496,1
4973,0
6391,1
3544,1
3276,1
9104,0
969,1
339,1
8011,0
7636,1
8843,0
7821,0
561,0
9497,1
1006,1
8364,0
4058,1
5649,1
7948,0
7797,0
7900,1
5953,0
6737,1
9651,0
6602,0
3094,1
8215,0
2124,0
44,0
9102,1
2566,0
2006,0
4139,0
4991,0
2861,0
3217,1
4736,0
9840,0
358,1
6726,0
7239,0
3053,1
83,0
569,0
4747,1
1253,1
1170,0
4864,1
7687,1
8336,0
4485,0
3179,1
1263,0
4638,0
6852,1
1933,1
1275,0
3743,1
1718,1
6457,0
5638,1
3402,1
3469,0
3209,0
5266,1
3200,1
4741,1
5840,0
71,0
9472,0
4105,1
6279,0
8798,0
6855,1
5703,0
7629,0
839,1
1842,0
1081,0
810,0
1526,0
5444,0
506,1
4471,1
9914,1
8167,0
1300,0
7958,0
3153,0
6857,1
7218,0
3456,0
1046,1
3887,0
9113,0
7150,1
3293,1
8852,0
6884,1
8053,0
7000,1
1924,1
1791,1
2277,0
6260,0
2064,0
276,1
5910,0
1142,0
1925,1
2010,1
1044,0
5291,1
3081,0
9865,1
3568,0
1094,0
4394,0
4235,0
6413,0
9831,1
1037,1
926,0
1321,1
1669,1
2743,0
1303,1
601,0
6866,1
7410,1
1533,1
9884,1
7350,0
4721,1
928,0
5054,1
6289,1
3267,1
3033,0
3234,1
503,0
6269,0
7766,0
2474,1
3406,1
9002,1
2496,0
4753,0
9406,1
3733,1
4896,0
6262,0
5955,0
9145,0
5925,0
4869,1
3104,1
5095,0
995,0
328,1
477,0
5148,0
4731,0
9018,0
269,0
1427,0
4807,1
9872,1
3184,0
1890,0
1555,0
1256,0
5837,0
6104,1
99,1
1469,0
9696,0
5509,0
9395,0
8300,1
3665,1
6199,0
9593,0
8436,0
9571,1
8097,0
9714,1
9529,0
2191,1
7935,0
1391,1
9848,0
8751,0
73,1
607,0
2829,1
9800,0
6688,0
2492,0
1040,1
8657,0
7152,0
7699,0
7323,1
4299,0
4972,1
39,0
2547,0
6243,1
4866,0
9060,1
8664,1
2694,1
7417,1
7701,1
5931,0
8150,1
332,0
4805,0
5262,1
769,1
715,0
7912,0
1803,0
2783,1
4004,1
2529,0
731,0
9259,0
2736,0
6214,0
282,1
6934,1
4729,0
8605,0
5737,1
8443,1
4035,0
7516,1
8520,0
2087,0
348,1
942,0
7123,0
5169,1
2689,0
4900,1
8611,1
9028,0
713,1
6899,0
4251,0
9320,0
8043,0
4119,1
3517,0
3854,1
2794,0
4257,0
4031,1
7684,0
1866,0
7199,0
167,1
290,1
2581,1
6848,1
4259,1
821,1
1684,0
4110,1
8860,1
8093,0
9017,1
7065,0
3695,0
9744,0
2719,0
3726,0
5107,1
5548,0
7076,0
1660,0
287,0
470,0
6870,0
9197,0
617,0
1568,0
3955,0
1903,0
4879,1
5101,1
9183,1
4130,0
639,0
41,0
706,1
1091,1
5633,1
8920,0
6563,1
3272,1
2141,0
1308,0
5369,0
1548,0
6187,0
2506,0
2109,0
1277,0
6223,1
6549,1
3622,1
757,1
9339,0
5355,0
7546,0
2029,1
4877,0
6479,1
4134,1
2930,1
3600,0
9834,1
1962,1
6495,0
9021,0
6454,0
7867,0
6910,0
4732,0
4632,1
3091,0
3174,0
1365,0
7109,0
7975,0
4545,0
9811,1
9968,1
7033,1
6265,0
5476,0
448,1
5403,0
5863,0
4534,1
7066,0
2460,0
1697,1
8928,0
4593,0
1776,1
9779,0
4939,1
7468,0
2813,0
9130,0
9894,1
9933,1
4164,1
6862,0
3037,0
7583,1
16,0
1097,0
5191,1
4297,0
5507,0
8434,1
509,0
8047,0
5008,0
507,1
7945,0
9324,0
1464,0
6220,1
8082,0
7371,0
748,0
8541,0
300,0
5308,1
591,1
776,1
9111,1
5236,1
2854,1
8327,0
9492,0
3282,1
7004,0
2720,1
4214,1
9036,1
874,0
4559,0
9257,1
6612,1
7424,1
5149,0
486,1
8017,1
6634,0
6697,0
4624,0
7081,1
3703,1
2788,0
5779,0
8438,1
4740,1
2403,0
7425,0
9989,1
1013,1
4368,1
8977,1
75,0
7332,1
1110,1
1421,0
7825,1
3893,1
9621,1
209,0
7062,1
6694,1
5831,1
8898,0
3386,1
5836,1
4466,1
7460,0
9392,0
1162,0
9467,0
6009,0
2431,0
120,0
1115,0
291,1
8357,1
5757,1
2082,0
7311,1
422,1
8330,0
9375,1
2992,1
2724,1
2266,0
9842,0
8268,1
7968,0
9969,0
7305,0
6390,1
1651,0
746,0
1804,1
8321,1
2660,0
1798,1
5267,1
9204,0
2170,0
9112,0
3965,1
9005,0
6270,0
9667,1
2366,0
1461,1
8416,1
3676,1
2108,0
9514,1
1897,0
4968,1
9129,1
2497,1
1377,1
9488,1
4923,1
4150,1
9154,0
7394,0
9456,0
1578,1
8561,0
8938,0
5073,0
5076,1
4328,1
1462,0
5362,1
4270,0
1475,1
9196,1
5533,0
3013,1
1379,1
4591,1
187,0
7744,0
9893,1
6204,1
7181,0
3115,1
5782,1
457,1
8407,0
2391,0
3147,1
8280,0
6291,1
117,0
4039,0
8755,0
739,1
1009,0
7589,1
2607,1
7677,0
4483,1
7025,0
1726,0
3102,1
9031,0
2572,0
5396,0
3799,0
9449,0
3861,0
2764,0
5793,0
2977,0
4053,1
4889,1
6455,1
9995,0
6309,0
50,0
6774,1
5710,0
2828,0
1896,0
413,0
1650,1
380,0
5694,1
5215,0
3008,0
8375,0
5065,0
6297,0
3185,0
26,1
4042,1
5183,1
2923,0
9926,0
982,1
8999,0
1413,1
3994,0
3486,1
2888,0
7184,0
5624,0
5865,1
6523,0
8238,0
2600,0
4873,1
9213,1
7792,1
8815,0
357,0
1914,0
4631,0
3340,0
8722,1
3295,0
6035,0
9836,0
3327,0
1495,0
8035,1
2988,0
6153,0
4208,0
1676,0
1403,0
3364,1
5217,1
9562,1
6117,1
2140,0
9091,1
359,0
954,0
682,0
7042,0
3885,1
6011,1
3202,0
1953,0
5010,0
4378,0
9808,1
6883,1
6547,1
3773,1
4172,0
4901,1
6414,0
9889,0
7148,0
1964,0
6815,1
749,0
3549,1
8917,1
3432,0
9353,1
630,1
8108,0
7878,1
9774,1
9380,0
9056,1
3524,0
3316,1
2943,0
324,0
7398,1
3403,1
7112,0
3313,0
4668,0
8050,0
4907,1
7034,1
7973,1
5275,0
5297,1
8592,1
5544,0
8563,0
6712,0
8944,0
2905,1
2321,1
9222,1
7563,0
5264,1
7452,0
6108,0
6212,0
111,0
2250,0
841,0
2747,1
6241,1
2590,0
3827,1
1698,1
6988,0
9047,0
4075,0
9970,0
6079,0
8153,0
7773,0
5334,0
7502,1
6393,0
2599,0
8535,1
997,1
1556,0
3238,1
787,1
1700,0
2092,1
65,0
5508,1
1920,0
6137,0
2450,0
8635,0
6366,1
901,0
6709,0
7875,0
5249,0
5587,0
590,0
9124,1
118,0
2665,0
9905,1
6318,0
3978,1
2253,1
9921,1
19,1
3755,0
6965,0
4752,0
5566,1
299,1
2198,0
8617,1
1728,0
6937,1
8523,1
5995,0
2096,0
3511,0
8458,0
7957,1
7653,0
7671,1
6042,0
816,0
1891,1
2504,0
8151,1
5653,1
14,0
2649,0
3521,0
6685,1
1140,1
8782,1
5846,0
125,0
5003,0
5307,0
1666,0
3724,0
9152,0
2255,1
8180,0
8720,0
7584,1
192,0
6395,0
830,0
7539,0
1127,1
5699,1
4049,1
4166,0
5020,1
6041,0
7698,1
4432,0
6320,0
8221,0
4022,0
2848,1
3483,1
1706,0
7868,1
3909,1
2461,0
4577,1
8856,0
1312,0
5589,0
9138,1
6112,0
3723,0
6267,1
4347,0
4038,1
419,1
1797,1
7740,0
1496,1
6355,0
7226,1
3212,1
7125,1
6803,1
4696,0
6621,0
3553,0
7918,0
3128,1
9712,1
4686,1
9780,0
438,0
6231,0
6343,0
430,0
2613,1
3257,0
2246,1
3897,1
5701,0
670,1
2972,0
9528,0
6031,1
606,0
2434,0
2704,0
5083,1
4171,0
9327,1
1763,0
6181,0
9149,1
260,1
96,0
6705,0
8010,1
6844,0
4165,1
7579,0
3227,0
3943,0
7490,1
8237,0
6219,1
1843,0
631,0
1815,0
4261,1
7669,1
4100,1
6543,1
7273,0
6627,0
9189,1
9184,0
1813,1
1492,0
2512,0
5861,1
2896,1
7760,0
6574,1
6360,1
3868,1
8543,0
7106,1
690,1
3603,0
2149,0
8534,1
6873,0
4952,0
2203,1
4125,1
5285,1
8612,0
5252,0
1979,0
3010,0
2184,0
6299,0
2012,1
6273,1
6397,1
6052,1
8777,0
8936,0
594,1
9785,1
9707,1
3545,0
9581,1
1780,1
2716,0
1661,1
8381,1
1624,1
9639,0
3694,1
2416,0
1497,1
6417,1
3435,0
134,0
9572,1
1742,0
1678,1
423,0
3986,1
9974,0
3941,0
9616,0
8869,0
1393,1
6666,0
6727,1
5164,1
4108,1
9542,0
4023,1
600,0
1404,1
2576,1
3072,1
8348,1
4048,0
2417,1
7494,1
1172,1
2593,0
6878,0
8930,0
1758,0
2895,1
3188,0
4569,0
4851,1
8686,1
372,0
4194,1
7530,0
9405,1
130,0
3366,1
820,1
927,0
4942,0
2912,0
2932,0
278,0
7284,0
5586,1
3196,1
4639,0
8425,0
4595,0
4812,1
9941,0
1877,1
3339,1
817,0
8483,1
4865,1
1809,1
4056,0
9235,1
1956,1
4494,1
4472,1
8187,0
1623,1
3901,1
7865,1
9407,1
5794,1
4617,0
3677,1
6303,1
5372,0
3631,0
9784,1
3572,0
2917,0
7316,0
7675,1
5176,0
3052,0
8621,0
2420,0
9211,1
6931,0
314,0
3358,1
6434,1
752,0
6859,1
1857,0
4816,1
6799,0
8372,1
1194,0
9575,1
2683,0
676,0
2840,1
2071,1
9878,0
1575,1
4232,0
4155,0
4635,0
3713,1
8964,0
5061,1
2528,1
4391,0
4456,1
4300,0
3818,0
154,0
961,1
373,1
1208,0
1695,0
3552,1
4770,1
2594,1
6161,0
8427,0
759,1
1952,0
4279,0
8864,1
2070,0
3262,0
3547,0
8747,0
1450,1
6491,0
6478,0
8692,0
9518,0
7480,1
3956,1
8350,1
2956,1
9054,0
1775,0
5906,0
3712,0
1286,0
473,0
2146,0
5788,1
7780,0
3433,1
4792,1
1636,1
6554,0
4135,0
5181,1
3441,0
5525,1
4607,0
7606,1
1020,0
6048,1
5168,0
55,1
7229,1
8589,1
3017,1
3649,1
3822,1
1382,1
3343,0
7293,1
6734,0
6623,0
6932,0
2454,1
9119,0
7828,1
7319,0
7937,0
7040,1
522,1
2242,0
9156,1
8229,0
6055,0
654,0
1880,1
2690,0
7998,0
7750,1
7727,1
1086,0
4509,0
6960,0
7091,0
9286,0
7694,1
5972,1
1131,0
2076,1
4413,0
8960,0
9188,1
8969,0
155,1
5026,0
4101,1
7269,1
7386,1
8658,1
3285,0
2697,1
1489,1
4333,0
6288,1
9409,0
3573,0
4140,1
2871,0
6138,1
7815,0
6792,1
8795,0
8759,0
5221,1
5577,0
2766,0
8896,0
3598,1
7779,0
5225,1
2636,0
4359,0
2466,1
2643,0
9418,0
3561,0
3281,0
9304,0
8972,0
2680,0
63,0
5598,0
6558,0
8718,0
9766,0
2954,1
6179,0
1620,1
1233,1
5233,1
8388,1
725,0
2553,0
5447,0
8331,1
7901,0
6028,0
6662,1
5913,0
2525,0
7070,0
8254,1
9953,0
8318,0
2334,0
2601,0
4926,0
9810,0
1126,1
2559,0
7838,1
4735,1
8005,0
2999,0
734,1
2196,0
240,0
584,0
3233,1
3001,1
9947,0
3359,1
8562,0
881,0
8498,1
8824,1
6205,1
6991,1
7706,0
1077,1
4546,1
6058,1
9868,0
5338,1
6465,0
4202,0
8306,1
7408,0
6986,1
6173,1
3360,0
634,1
9881,0
296,1
8399,0
9340,1
6966,0
4676,0
1888,0
3907,0
6819,1
7757,1
7306,1
455,0
1193,0
1019,0
8406,1
8697,0
4073,1
6514,0
9404,1
1011,1
4447,0
2484,0
4640,0
4464,0
9191,1
7548,0
3934,0
6687,0
1014,0
7415,0
3787,0
7661,1
7299,0
7428,1
7941,1
9489,1
1750,1
4184,1
8072,0
3047,0
6741,0
5880,1
6882,0
1840,1
9116,0
5461,1
1883,0
9538,1
1874,0
8810,0
9570,0
5246,0
1042,0
4673,1
5785,0
5572,1
7057,1
460,0
5499,0
3308,1
1301,0
9804,0
6511,1
4695,1
9746,1
8684,1
965,0
5897,0
7889,0
7160,0
5893,0
7246,0
1498,0
2712,1
3107,0
7193,0
5082,0
697,0
2648,0
2472,1
7176,0
6999,0
7801,0
9767,1
7936,0
5664,0
8177,1
2118,1
556,0
3912,0
1106,1
9356,0
246,1
5389,0
4834,1
2971,0
3794,1
528,1
2166,1
6646,1
9496,1
567,1
8750,0
4801,0
7492,0
5606,1
5122,0
8057,0
5330,0
1557,1
2107,1
7396,1
2552,0
8240,1
3118,1
8943,0
999,0
7385,0
2856,1
2210,0
5636,1
6049,1
782,1
7281,1
8233,1
3807,0
4481,0
6353,1
1939,1
2026,1
5828,0
440,0
2845,1
6475,0
8778,0
3436,0
7454,0
6802,0
8865,0
3964,1
8804,0
8990,0
2862,0
4030,1
7208,0
4226,1
9723,0
8633,0
3985,1
9642,0
1327,0
7357,1
1467,0
7617,1
1346,0
5618,0
7052,0
4997,0
657,1
564,0
7435,0
8512,1
4148,0
5973,0
5988,0
1296,1
8597,1
2616,0
4393,1
3371,1
6728,1
9882,0
6768,1
8912,1
6486,1
8174,1
8515,0
6076,1
2172,0
7737,1
6630,1
1852,1
4436,0
9258,0
1121,0
9725,0
1433,0
3857,0
5792,0
1460,1
6879,0
9024,0
7375,0
5305,0
2746,0
4054,1
5844,0
8606,0
7623,1
6871,1
4269,1
5339,1
462,1
566,0
573,0
4271,1
9887,1
8245,1
9853,1
5251,1
4008,0
8978,0
6086,0
4319,0
6708,0
5185,1
3430,0
8395,1
4231,0
9479,1
6918,0
4399,0
7655,0
5872,0
5679,1
8803,0
9019,1
758,0
3275,0
7279,0
5848,0
7810,0
5190,1
2114,1
5749,0
6776,1
2549,0
4388,0
6982,1
9127,1
2785,1
3652,0
2699,0
1396,0
3627,0
7486,0
5721,0
1814,0
6716,0
160,0
7648,1
1113,1
8322,0
9215,0
6056,1
8303,0
1239,0
4806,1
9821,0
7223,0
258,0
9143,0
6264,0
4794,0
6644,0
6456,1
4443,0
4223,0
3758,1
437,0
9630,1
4253,0
4531,0
702,1
4364,1
2138,0
7128,0
9938,1
3446,0
9277,1
5583,1
5456,1
512,0
7558,0
595,0
8067,0
1834,0
9637,1
3216,1
500,0
3655,0
243,0
3065,1
6485,0
3310,1
8206,0
2897,0
602,1
653,0
5388,0
6771,1
6711,1
3356,1
2554,0
6095,0
1618,0
8576,1
3497,1
9253,0
1144,0
9020,1
1010,1
4590,0
9351,0
9428,1
2734,1
7559,1
3639,1
9224,1
3507,1
5115,0
4883,0
9448,1
6981,0
7390,0
1408,1
2028,1
6836,0
9501,0
9650,1
5248,1
7588,0
6081,1
6163,1
4759,0
8018,1
3046,1
3337,1
1773,0
7777,1
5981,1
5964,0
574,1
1064,0
5325,1
7329,1
2394,0
3135,0
8728,1
7924,1
9413,1
5786,0
6957,0
1608,1
6468,0
3270,0
6998,1
8714,0
3816,1
1745,0
1333,1
9016,0
4314,1
9503,0
6561,1
523,0
5575,0
4622,1
3571,1
6160,1
2245,0
6121,0
6654,1
8526,0
7372,0
5784,0
3066,0
233,0
8557,1
2820,1
4532,1
4502,0
1528,0
5342,0
2309,0
7204,1
9850,1
1490,1
967,0
305,1
7330,0
1435,0
5478,1
4861,0
6440,0
9886,1
463,0
3688,0
3266,0
4078,0
1123,0
7733,0
2786,0
2099,0
3630,0
860,1
7571,1
2318,0
7670,1
5979,0
5327,1
1026,0
1093,1
3204,1
5433,0
1124,0
5600,0
5601,0
8885,0
8569,0
2410,1
7585,0
1491,0
434,0
6370,0
3144,1
1043,1
1729,0
9646,0
9391,0
2022,1
1754,0
9945,1
9338,0
5885,0
6283,1
8290,1
5756,1
4213,0
8511,0
6308,0
3697,0
4237,1
4024,0
5397,0
6614,0
6544,0
6710,1
5523,0
4803,0
8773,0
9860,0
539,1
6230,1
7224,0
5855,0
61,0
9076,1
7162,0
9851,1
2358,1
7296,0
3579,0
6420,1
8760,0
3312,0
799,1
3968,0
1994,1
4561,1
2567,0
3500,0
4989,1
9468,1
2302,0
9354,0
4783,0
4886,0
5951,0
3977,0
2310,1
8846,1
4282,0
2787,0
7202,1
195,0
1545,1
8872,0
5492,0
4711,1
6164,1
3148,1
4929,0
4611,1
4111,1
241,0
6921,1
7360,0
8199,0
444,0
7711,1
9841,0
238,1
3877,0
1422,0
7805,0
8547,0
9992,0
84,0
6636,1
2558,0
1807,0
1281,1
3353,1
2674,0
5283,1
783,1
1911,0
8545,0
3058,0
6059,1
8025,0
7344,0
4183,0
870,1
331,0
2264,1
9081,0
7857,0
3658,0
3458,0
1320,1
1090,1
53,0
4671,1
1255,0
3395,0
578,1
9051,0
8281,1
1783,0
8580,1
5321,0
2013,0
6936,0
2322,1
2444,0
805,0
4937,0
6340,1
7545,1
3516,1
3409,1
4723,0
6133,1
353,0
4630,1
2731,1
393,0
2979,0
6565,0
5802,1
7770,0
1220,1
7630,0
152,0
4637,1
8209,0
3173,0
97,0
6801,1
5950,0
6093,1
5479,0
8784,0
708,1
2219,1
6036,1
8623,1
2708,1
42,0
3442,1
6927,0
1330,0
9414,0
5205,0
1003,0
9368,0
7338,0
8829,1
7835,0
2021,1
8456,0
9061,1
6432,0
9315,0
6979,1
1289,0
6244,0
9500,0
1785,0
1160,1
2326,0
1923,1
5058,0
5398,0
133,0
6510,0
8242,0
8234,1
788,0
1338,0
4951,0
2120,0
2984,1
7256,1
9988,0
2043,0
8651,0
5744,0
166,0
4876,0
4738,0
3470,1
7672,0
4651,0
1022,1
3644,0
4085,0
3325,1
3719,0
2177,1
1292,1
371,0
3768,0
3377,0
9447,0
9193,1
6569,1
1008,0
5454,0
8154,0
5616,0
6316,1
5309,1
8230,1
4175,0
4242,1
3070,1
2284,0
8465,0
9724,1
4323,0
3193,0
5657,1
6166,0
9912,0
7318,0
5354,0
7789,0
8020,1
5695,0
459,0
9719,0
4489,0
3996,0
189,0
7155,1
7917,1
3299,1
1079,0
4238,0
7985,0
9824,0
5490,1
3853,0
7221,0
1688,1
6542,0
1823,0
9935,1
6894,1
1038,1
6328,1
9726,1
9693,0
4266,0
5899,0
7368,0
4243,1
3345,0
9972,0
2517,1
9679,0
8282,0
1577,0
8724,0
2083,0
5868,0
7456,0
5192,1
9579,0
5643,1
156,1
9223,1
8859,0
1150,0
4862,0
2116,1
6922,0
259,0
7831,0
1917,0
122,1
4644,0
7642,0
6935,0
8883,1
7151,0
1442,0
2090,0
2676,0
7463,1
9310,1
1174,0
5055,1
7596,1
5037,1
2858,0
9920,0
8805,1
6221,0
2789,1
4905,1
7600,1
1399,1
4162,0
1583,0
6066,1
6154,0
9173,0
4614,1
2511,1
9675,0
9986,0
2347,1
887,1
1722,0
8594,0
202,1
3749,1
7827,0
9833,1
1922,0
2588,0
7406,0
7439,1
4535,0
2168,1
1371,1
6502,0
2899,1
4496,0
4663,0
8926,1
1686,0
8632,0
9611,0
4113,0
903,0
6713,1
1214,0
6793,1
1085,0
9768,1
4137,0
4034,1
183,1
5883,0
2641,1
2153,1
3879,0
9071,1
8774,1
6522,0
5136,1
6568,1
3583,1
7228,0
9566,0
4688,1
8012,0
1317,0
8602,0
1616,0
1276,0
3687,1
9410,0
5753,0
7820,0
7217,1
4061,1
5213,1
1157,0
7555,0
527,0
1165,0
3241,0
1604,0
5124,0
5162,0
3121,0
3987,1
5966,1
2730,0
6943,1
2299,0
1845,1
9328,0
1735,1
814,1
8070,1
6215,0
5674,0
9531,0
3744,0
1130,0
7075,0
6053,1
1223,0
3097,0
6535,0
3054,0
7489,0
9278,1
6109,1
8662,1
648,1
8101,0
9666,0
6105,1
1459,0
3346,0
9854,1
5595,1
7485,0
5505,0
3178,1
7830,1
8540,0
2749,0
492,1
1283,0
5851,0
3302,0
7852,0
2220,0
609,0
9695,0
6995,1
9185,0
2526,0
4264,0
8228,1
2622,1
3891,1
5685,0
795,0
4363,1
3351,1
2352,1
3036,1
9682,0
4779,0
1478,0
2510,0
7275,1
3088,0
6566,1
7990,1
5763,1
5811,1
4199,0
5163,0
9665,0
2864,0
244,1
6596,1
2625,0
5990,0
2516,0
9476,0
112,1
3601,0
9302,0
263,0
5014,0
2471,0
1714,1
2333,1
3648,0
6923,0
3532,0
9293,0
6074,1
5922,1
5371,0
8675,0
7473,1
4121,0
9374,1
415,1
6756,0
20,0
2695,0
7131,0
1234,1
7826,1
8481,0
7895,0
1622,0
3032,0
6172,0
2548,0
2883,1
2869,0
4498,1
8519,0
3450,0
5254,0
8710,1
9764,0
1241,0
1703,0
7399,1
7312,0
9445,1
3398,0
1204,0
69,1
3463,1
3711,1
3671,0
8652,0
7161,1
1098,0
3913,0
379,1
2378,1
9895,0
6608,1
551,0
8516,0
1468,0
3896,1
5911,0
6375,1
7989,0
9857,0
1378,0
3494,1
5200,0
8034,1
2543,0
5962,0
2152,1
6575,1
1882,1
2059,1
7665,0
9584,1
721,0
3914,0
1829,0
3819,1
3286,0
1175,0
4129,0
8687,0
8817,1
9362,0
515,0
110,0
2374,0
8319,0
3699,0
2650,0
9567,0
6201,1
6700,0
86,0
8190,0
3778,1
377,0
7793,1
7903,0
3222,1
6660,0
5434,0
4780,0
9384,0
7837,0
930,0
8139,1
1853,1
7079,0
3465,0
138,0
3062,1
2435,0
9520,0
3555,0
4372,0
5418,0
2573,0
6682,1
3420,0
6501,1
9749,1
941,1
7529,0
1734,0
6140,1
2505,0
1760,0
6764,1
1981,1
9207,1
5428,0
2823,1
8559,0
1516,0
2706,0
6242,1
8554,0
6198,1
902,0
119,1
1988,0
6759,0
962,1
836,1
1544,1
2582,1
9097,1
3801,1
7743,0
5671,0
8828,0
2980,1
6295,1
10,1
236,0
4442,0
628,0
5524,0
1183,0
789,0
4733,0
9100,1
8914,1
1580,0
1313,0
2054,0
3686,0
144,0
1928,1
5417,0
4118,1
1563,1
2974,1
2872,1
1635,1
164,0
3684,1
4549,1
5077,0
1340,0
5553,1
8079,0
5876,0
2094,1
2550,0
1876,0
3318,0
3447,1
72,0
5725,0
6307,0
6829,0
3484,0
1705,0
792,1
172,0
6469,0
9090,1
2477,0
9845,1
8925,1
7734,0
6022,0
333,1
1128,1
2195,1
7354,0
9052,0
6435,1
6814,1
8401,1
6805,1
530,0
9688,0
1539,1
3189,0
5833,1
8124,0
5550,0
7564,0
6869,0
952,1
9064,0
4854,1
3615,1
9344,0
9475,1
3534,1
9443,0
8746,0
2002,0
5608,0
5996,1
4371,1
4193,0
3945,0
6735,1
4789,1
6,0
2717,0
5166,1
1977,0
5543,1
6305,1
6380,0
768,1
5489,1
4437,1
7668,1
3706,0
5941,0
5435,0
234,0
2158,1
7876,0
9948,0
3837,0
1546,0
3846,1
370,0
5806,0
5918,0
9755,1
7302,0
3401,1
5564,0
2479,0
2341,0
555,0
3477,1
531,0
9349,1
4971,0
3782,1
4284,1
2976,1
9924,0
62,0
8249,1
8682,0
4007,1
8048,0
3732,0
3294,1
3833,0
8818,0
334,1
6904,1
3201,0
4221,0
6376,0
698,1
8452,1
8654,1
2272,0
6585,0
2929,1
9427,1
24,1
2062,0
9534,0
2948,0
2106,1
5074,0
2947,1
5825,1
6282,0
7971,1
3198,0
148,0
5280,0
2180,1
8211,1
1873,0
2886,0
9126,0
7620,1
4479,1
6339,1
9561,0
1354,1
6769,1
7819,0
4578,0
273,0
5353,0
4841,0
7205,0
1444,0
9177,0
8382,1
4066,0
8397,0
4382,1
1560,1
5282,0
7200,0
4439,0
8610,0
988,1
7863,1
2530,1
8026,1
4365,0
2808,1
889,0
5540,1
2692,0
6023,0
7964,1
1409,1
3175,0
1517,0
1983,1
729,0
8109,0
5130,0
6377,1
1244,1
2721,1
3824,0
7507,1
8403,0
9033,1
6240,1
6638,1
5704,0
6888,0
7742,0
2924,1
7808,1
5838,1
5310,0
1762,1
3750,0
935,1
2623,1
2617,0
9799,0
2039,1
2560,0
4,0
2398,1
8189,0
5422,1
8645,1
2482,1
6064,0
2592,1
8618,0
1201,0
9544,1
5974,1
2759,0
4646,0
9241,1
1343,1
2874,0
900,1
8430,0
5117,1
3959,0
1078,1
8953,0
737,1
4041,1
257,0
5875,0
2631,0
2555,0
6200,0
1099,0
6402,1
5546,1
2214,1
5034,0
4821,0
1376,0
1865,0
9782,0
7041,0
1179,0
3475,0
494,1
7628,0
5619,1
4296,1
3232,0
9680,1
9950,0
7400,0
3843,0
7764,0
4369,0
3352,1
2796,0
7270,0
544,1
4776,0
7724,1
7099,0
1000,0
9419,0
1588,0
917,1
7908,0
2200,0
4005,1
763,1
421,0
223,0
9959,1
5634,0
5716,1
1579,0
2889,0
2738,0
7520,0
6008,1
1074,0
2996,1
5437,1
8888,1
7225,1
5805,0
5584,1
253,0
8478,0
6067,0
5611,1
6438,0
8291,1
2254,0
5568,0
6990,1
6867,0
5886,0
5859,0
4493,1
6681,0
3717,0
4338,0
5147,1
3085,1
2495,0
2368,1
2342,1
9067,0
2628,0
8848,1
2832,1
5078,0
1844,1
7645,1
2557,1
3335,1
9358,0
6290,1
8794,1
9209,0
7765,0
6897,0
3370,0
7506,1
1332,1
8136,0
8094,0
5421,1
4898,0
5559,0
7725,1
9967,0
6521,1
4343,1
1789,0
5109,1
6356,0
2351,0
4435,0
6266,0
2411,0
7728,1
9564,1
4020,0
4032,1
6572,0
49,1
9299,1
2339,0
3487,0
6178,1
998,1
7220,0
54,0
2655,1
1906,0
855,1
9792,0
5457,0
9376,1
1353,0
2843,0
9954,0
7265,1
7882,1
2393,0
7656,0
5047,0
6206,1
6382,0
9861,0
9647,0
367,0
8305,1
6516,1
4351,0
4207,0
5333,0
1713,0
5320,0
1417,1
360,1
3972,1
8989,1
8553,1
1101,0
8696,0
2998,1
3951,1
5915,1
2447,1
9604,0
873,1
8329,1
7992,0
4461,1
4051,0
4138,1
3864,1
1671,0
4286,0
8954,1
1817,1
7241,0
335,0
8712,1
6781,0
9440,0
3550,0
9918,0
8812,0
8903,0
3769,1
467,0
4029,0
1455,0
4824,1
7141,1
4955,0
5903,0
2707,0
2436,1
7213,1
8061,0
8493,0
9221,0
6680,1
1210,0
3906,0
6151,1
3157,0
376,1
3146,0
101,1
9437,0
2944,0
4514,1
7978,0
4999,0
2458,0
2252,0
6503,1
532,0
208,0
1739,1
9997,1
5835,0
7872,0
966,0
6115,0
9812,0
3759,0
9275,1
5313,1
337,0
3009,1
2669,0
1855,1
4819,0
6129,0
2030,0
4018,0
1012,1
8236,1
4584,0
8356,1
7982,0
5299,1
8041,0
9994,1
5526,0
3044,0
8591,1
7384,0
8941,0
7377,0
5005,0
4002,0
498,1
3916,1
2602,1
2457,0
9690,1
9008,0
163,1
6373,0
21,1
5468,0
6007,1
5705,1
8365,1
5099,1
28,0
1282,1
1222,0
3716,1
490,0
4169,1
5758,1
5748,0
3604,0
6480,1
9555,1
8340,1
126,0
