Word_1,Word_2,Word_3,Word_4,Word_5,Word_6,Word_7,Word_8,Word_9,Word_10,Word_11,Word_12,Word_13,Word_14,Word_15,Word_16,Word_17,Word_18,Word_19,label
3,0,0,0,0,0,0,0,0,0,0,0,0,0,0,0,0,0,0,1
283,51,336,26,396,0,0,0,0,0,0,0,0,0,0,0,0,0,0,0
6,723,0,0,0,0,0,0,0,0,0,0,0,0,0,0,0,0,0,1
1,2,0,0,0,0,0,0,0,0,0,0,0,0,0,0,0,0,0,0
397,25,42,39,398,8,0,0,0,0,0,0,0,0,0,0,0,0,0,0
63,0,0,0,0,0,0,0,0,0,0,0,0,0,0,0,0,0,0,0
207,399,138,474,475,0,0,0,0,0,0,0,0,0,0,0,0,0,0,1
1,208,6,0,0,0,0,0,0,0,0,0,0,0,0,0,0,0,0,0
46,21,284,0,0,0,0,0,0,0,0,0,0,0,0,0,0,0,0,1
182,673,0,0,0,0,0,0,0,0,0,0,0,0,0,0,0,0,0,0
6,153,239,55,579,476,6,0,0,0,0,0,0,0,0,0,0,0,0,0
400,44,116,0,0,0,0,0,0,0,0,0,0,0,0,0,0,0,0,1
139,337,27,674,240,36,285,29,477,478,0,0,0,0,0,0,0,0,0,1
241,1,2,0,0,0,0,0,0,0,0,0,0,0,0,0,0,0,0,0
154,79,7,57,140,479,338,3,20,80,0,0,0,0,0,0,0,0,0,0
209,11,286,242,401,117,0,0,0,0,0,0,0,0,0,0,0,0,0,0
339,243,480,39,0,0,0,0,0,0,0,0,0,0,0,0,0,0,0,0
580,74,581,5,58,19,5,23,108,44,0,0,0,0,0,0,0,0,0,1
210,13,5,20,27,0,0,0,0,0,0,0,0,0,0,0,0,0,0,0
90,118,0,0,0,0,0,0,0,0,0,0,0,0,0,0,0,0,0,0
1,29,47,155,0,0,0,0,0,0,0,0,0,0,0,0,0,0,0,0
28,211,23,183,402,0,0,0,0,0,0,0,0,0,0,0,0,0,0,1
64,340,37,287,481,403,482,0,0,0,0,0,0,0,0,0,0,0,0,0
341,582,244,25,43,0,0,0,0,0,0,0,0,0,0,0,0,0,0,0
19,11,117,675,288,404,0,0,0,0,0,0,0,0,0,0,0,0,0,1
245,21,212,212,184,0,0,0,0,0,0,0,0,0,0,0,0,0,0,1
724,30,483,17,289,0,0,0,0,0,0,0,0,0,0,0,0,0,0,0
24,484,405,485,182,406,0,0,0,0,0,0,0,0,0,0,0,0,0,1
29,59,185,486,487,246,488,486,489,290,583,0,0,0,0,0,0,0,0,1
1,23,13,60,29,490,81,3,0,0,0,0,0,0,0,0,0,0,0,0
5,491,0,0,0,0,0,0,0,0,0,0,0,0,0,0,0,0,0,0
22,407,398,186,0,0,0,0,0,0,0,0,0,0,0,0,0,0,0,1
15,291,3,29,3,213,0,0,0,0,0,0,0,0,0,0,0,0,0,1
9,1,247,1,53,74,213,0,0,0,0,0,0,0,0,0,0,0,0,0
6,26,292,408,0,0,0,0,0,0,0,0,0,0,0,0,0,0,0,0
127,16,9,0,0,0,0,0,0,0,0,0,0,0,0,0,0,0,0,1
91,141,43,36,248,492,342,128,249,79,0,0,0,0,0,0,0,0,0,1
1,0,0,0,0,0,0,0,0,0,0,0,0,0,0,0,0,0,0,0
1,7,29,63,142,1,26,64,293,34,7,0,0,0,0,0,0,0,0,0
1,2,0,0,0,0,0,0,0,0,0,0,0,0,0,0,0,0,0,0
156,4,157,0,0,0,0,0,0,0,0,0,0,0,0,0,0,0,0,1
286,7,0,0,0,0,0,0,0,0,0,0,0,0,0,0,0,0,0,0
99,10,11,403,0,0,0,0,0,0,0,0,0,0,0,0,0,0,0,0
13,118,13,584,109,45,29,7,493,13,0,0,0,0,0,0,0,0,0,0
494,143,0,0,0,0,0,0,0,0,0,0,0,0,0,0,0,0,0,0
59,144,129,402,0,0,0,0,0,0,0,0,0,0,0,0,0,0,0,0
26,56,409,119,187,250,0,0,0,0,0,0,0,0,0,0,0,0,0,1
294,92,1,343,28,0,0,0,0,0,0,0,0,0,0,0,0,0,0,0
6,1,119,130,6,251,0,0,0,0,0,0,0,0,0,0,0,0,0,1
585,410,119,252,6,586,344,17,188,36,21,676,0,0,0,0,0,0,0,1
587,494,75,99,0,0,0,0,0,0,0,0,0,0,0,0,0,0,0,0
60,214,0,0,0,0,0,0,0,0,0,0,0,0,0,0,0,0,0,1
1,207,2,60,12,0,0,0,0,0,0,0,0,0,0,0,0,0,0,0
131,1,14,6,65,29,110,0,0,0,0,0,0,0,0,0,0,0,0,0
677,3,345,341,0,0,0,0,0,0,0,0,0,0,0,0,0,0,0,0
158,495,189,16,0,0,0,0,0,0,0,0,0,0,0,0,0,0,0,0
61,100,1,37,411,0,0,0,0,0,0,0,0,0,0,0,0,0,0,0
159,101,9,0,0,0,0,0,0,0,0,0,0,0,0,0,0,0,0,1
160,3,0,0,0,0,0,0,0,0,0,0,0,0,0,0,0,0,0,1
496,253,11,0,0,0,0,0,0,0,0,0,0,0,0,0,0,0,0,1
82,66,0,0,0,0,0,0,0,0,0,0,0,0,0,0,0,0,0,0
57,189,16,20,0,0,0,0,0,0,0,0,0,0,0,0,0,0,0,0
93,76,30,254,0,0,0,0,0,0,0,0,0,0,0,0,0,0,0,1
61,0,0,0,0,0,0,0,0,0,0,0,0,0,0,0,0,0,0,0
79,255,185,207,101,0,0,0,0,0,0,0,0,0,0,0,0,0,0,1
1,0,0,0,0,0,0,0,0,0,0,0,0,0,0,0,0,0,0,0
6,44,295,1,4,0,0,0,0,0,0,0,0,0,0,0,0,0,0,0
22,296,161,1,678,346,0,0,0,0,0,0,0,0,0,0,0,0,0,0
1,49,21,0,0,0,0,0,0,0,0,0,0,0,0,0,0,0,0,0
4,412,0,0,0,0,0,0,0,0,0,0,0,0,0,0,0,0,0,1
129,63,0,0,0,0,0,0,0,0,0,0,0,0,0,0,0,0,0,0
52,81,0,0,0,0,0,0,0,0,0,0,0,0,0,0,0,0,0,0
215,12,32,6,66,0,0,0,0,0,0,0,0,0,0,0,0,0,0,1
94,9,588,589,4,58,190,0,0,0,0,0,0,0,0,0,0,0,0,1
161,0,0,0,0,0,0,0,0,0,0,0,0,0,0,0,0,0,0,1
18,12,497,725,94,347,0,0,0,0,0,0,0,0,0,0,0,0,0,0
1,143,111,42,0,0,0,0,0,0,0,0,0,0,0,0,0,0,0,0
494,25,0,0,0,0,0,0,0,0,0,0,0,0,0,0,0,0,0,0
216,1,0,0,0,0,0,0,0,0,0,0,0,0,0,0,0,0,0,0
112,217,0,0,0,0,0,0,0,0,0,0,0,0,0,0,0,0,0,0
1,49,498,499,254,0,0,0,0,0,0,0,0,0,0,0,0,0,0,0
15,1,590,111,297,1,26,591,0,0,0,0,0,0,0,0,0,0,0,0
85,592,584,488,0,0,0,0,0,0,0,0,0,0,0,0,0,0,0,0
593,0,0,0,0,0,0,0,0,0,0,0,0,0,0,0,0,0,0,1
4,10,191,500,218,0,0,0,0,0,0,0,0,0,0,0,0,0,0,1
5,501,0,0,0,0,0,0,0,0,0,0,0,0,0,0,0,0,0,0
213,594,0,0,0,0,0,0,0,0,0,0,0,0,0,0,0,0,0,0
297,130,17,90,0,0,0,0,0,0,0,0,0,0,0,0,0,0,0,1
9,1,13,60,256,406,57,595,86,0,0,0,0,0,0,0,0,0,0,0
3,29,596,92,29,162,338,67,0,0,0,0,0,0,0,0,0,0,0,0
413,6,502,503,219,0,0,0,0,0,0,0,0,0,0,0,0,0,0,0
679,0,0,0,0,0,0,0,0,0,0,0,0,0,0,0,0,0,0,0
597,4,298,0,0,0,0,0,0,0,0,0,0,0,0,0,0,0,0,1
22,190,79,0,0,0,0,0,0,0,0,0,0,0,0,0,0,0,0,1
348,68,0,0,0,0,0,0,0,0,0,0,0,0,0,0,0,0,0,0
100,1,61,0,0,0,0,0,0,0,0,0,0,0,0,0,0,0,0,1
6,163,145,0,0,0,0,0,0,0,0,0,0,0,0,0,0,0,0,1
1,15,257,209,0,0,0,0,0,0,0,0,0,0,0,0,0,0,0,0
5,414,1,220,38,0,0,0,0,0,0,0,0,0,0,0,0,0,0,1
140,75,10,0,0,0,0,0,0,0,0,0,0,0,0,0,0,0,0,0
221,146,596,415,79,0,0,0,0,0,0,0,0,0,0,0,0,0,0,0
1,35,416,34,251,27,416,680,192,0,0,0,0,0,0,0,0,0,0,1
336,4,193,0,0,0,0,0,0,0,0,0,0,0,0,0,0,0,0,1
46,30,417,77,0,0,0,0,0,0,0,0,0,0,0,0,0,0,0,1
1,164,349,5,0,0,0,0,0,0,0,0,0,0,0,0,0,0,0,0
163,4,0,0,0,0,0,0,0,0,0,0,0,0,0,0,0,0,0,1
4,598,0,0,0,0,0,0,0,0,0,0,0,0,0,0,0,0,0,1
65,132,23,147,102,65,0,0,0,0,0,0,0,0,0,0,0,0,0,1
299,66,258,1,6,113,0,0,0,0,0,0,0,0,0,0,0,0,0,0
120,1,7,300,20,80,120,1,480,3,0,0,0,0,0,0,0,0,0,0
5,81,27,350,3,8,0,0,0,0,0,0,0,0,0,0,0,0,0,0
26,165,194,0,0,0,0,0,0,0,0,0,0,0,0,0,0,0,0,1
10,66,351,0,0,0,0,0,0,0,0,0,0,0,0,0,0,0,0,1
4,0,0,0,0,0,0,0,0,0,0,0,0,0,0,0,0,0,0,1
28,222,0,0,0,0,0,0,0,0,0,0,0,0,0,0,0,0,0,0
69,29,166,504,0,0,0,0,0,0,0,0,0,0,0,0,0,0,0,1
352,259,0,0,0,0,0,0,0,0,0,0,0,0,0,0,0,0,0,0
13,28,13,59,13,45,0,0,0,0,0,0,0,0,0,0,0,0,0,0
406,0,0,0,0,0,0,0,0,0,0,0,0,0,0,0,0,0,0,1
129,505,0,0,0,0,0,0,0,0,0,0,0,0,0,0,0,0,0,1
57,6,418,217,418,57,20,0,0,0,0,0,0,0,0,0,0,0,0,0
353,8,2,506,11,9,47,599,0,0,0,0,0,0,0,0,0,0,0,0
5,419,223,103,347,0,0,0,0,0,0,0,0,0,0,0,0,0,0,0
1,29,600,0,0,0,0,0,0,0,0,0,0,0,0,0,0,0,0,0
7,39,582,214,420,104,0,0,0,0,0,0,0,0,0,0,0,0,0,0
601,87,0,0,0,0,0,0,0,0,0,0,0,0,0,0,0,0,0,0
62,27,507,0,0,0,0,0,0,0,0,0,0,0,0,0,0,0,0,1
224,0,0,0,0,0,0,0,0,0,0,0,0,0,0,0,0,0,0,1
9,225,475,225,22,0,0,0,0,0,0,0,0,0,0,0,0,0,0,0
133,27,5,674,0,0,0,0,0,0,0,0,0,0,0,0,0,0,0,1
5,2,602,0,0,0,0,0,0,0,0,0,0,0,0,0,0,0,0,1
603,421,6,79,7,0,0,0,0,0,0,0,0,0,0,0,0,0,0,1
61,5,12,95,260,103,14,5,0,0,0,0,0,0,0,0,0,0,0,0
63,3,155,28,121,344,0,0,0,0,0,0,0,0,0,0,0,0,0,1
105,186,0,0,0,0,0,0,0,0,0,0,0,0,0,0,0,0,0,1
36,21,114,83,6,508,30,0,0,0,0,0,0,0,0,0,0,0,0,0
219,130,1,23,301,604,0,0,0,0,0,0,0,0,0,0,0,0,0,1
415,195,226,504,0,0,0,0,0,0,0,0,0,0,0,0,0,0,0,0
36,21,4,0,0,0,0,0,0,0,0,0,0,0,0,0,0,0,0,1
354,477,485,0,0,0,0,0,0,0,0,0,0,0,0,0,0,0,0,1
28,422,122,506,302,55,0,0,0,0,0,0,0,0,0,0,0,0,0,1
1,0,0,0,0,0,0,0,0,0,0,0,0,0,0,0,0,0,0,0
509,355,0,0,0,0,0,0,0,0,0,0,0,0,0,0,0,0,0,1
148,69,93,356,0,0,0,0,0,0,0,0,0,0,0,0,0,0,0,1
20,298,476,70,96,0,0,0,0,0,0,0,0,0,0,0,0,0,0,1
35,38,239,423,50,0,0,0,0,0,0,0,0,0,0,0,0,0,0,1
8,261,415,43,220,357,0,0,0,0,0,0,0,0,0,0,0,0,0,1
345,227,414,287,1,167,1,49,50,0,0,0,0,0,0,0,0,0,0,0
17,87,190,303,105,0,0,0,0,0,0,0,0,0,0,0,0,0,0,0
192,605,116,168,1,2,33,0,0,0,0,0,0,0,0,0,0,0,0,0
424,16,0,0,0,0,0,0,0,0,0,0,0,0,0,0,0,0,0,1
7,19,425,0,0,0,0,0,0,0,0,0,0,0,0,0,0,0,0,1
40,62,239,60,77,681,10,111,1,0,0,0,0,0,0,0,0,0,0,0
115,499,31,5,25,18,474,97,3,0,0,0,0,0,0,0,0,0,0,1
262,22,1,196,190,341,0,0,0,0,0,0,0,0,0,0,0,0,0,0
10,104,142,358,426,17,0,0,0,0,0,0,0,0,0,0,0,0,0,0
46,427,0,0,0,0,0,0,0,0,0,0,0,0,0,0,0,0,0,1
510,0,0,0,0,0,0,0,0,0,0,0,0,0,0,0,0,0,0,1
22,1,302,228,12,304,54,11,1,337,157,0,0,0,0,0,0,0,0,0
263,24,11,0,0,0,0,0,0,0,0,0,0,0,0,0,0,0,0,1
2,44,359,0,0,0,0,0,0,0,0,0,0,0,0,0,0,0,0,1
360,3,132,162,3,0,0,0,0,0,0,0,0,0,0,0,0,0,0,0
46,361,0,0,0,0,0,0,0,0,0,0,0,0,0,0,0,0,0,1
1,14,0,0,0,0,0,0,0,0,0,0,0,0,0,0,0,0,0,0
122,153,61,0,0,0,0,0,0,0,0,0,0,0,0,0,0,0,0,0
34,47,123,418,0,0,0,0,0,0,0,0,0,0,0,0,0,0,0,1
606,92,5,0,0,0,0,0,0,0,0,0,0,0,0,0,0,0,0,0
19,131,0,0,0,0,0,0,0,0,0,0,0,0,0,0,0,0,0,1
1,35,511,1,35,240,243,5,362,8,0,0,0,0,0,0,0,0,0,1
3,7,14,350,20,0,0,0,0,0,0,0,0,0,0,0,0,0,0,1
512,216,169,170,100,1,61,0,0,0,0,0,0,0,0,0,0,0,0,1
348,0,0,0,0,0,0,0,0,0,0,0,0,0,0,0,0,0,0,0
25,607,0,0,0,0,0,0,0,0,0,0,0,0,0,0,0,0,0,1
86,8,5,149,3,8,3,0,0,0,0,0,0,0,0,0,0,0,0,1
31,251,428,682,0,0,0,0,0,0,0,0,0,0,0,0,0,0,0,1
160,264,52,98,0,0,0,0,0,0,0,0,0,0,0,0,0,0,0,1
57,68,20,0,0,0,0,0,0,0,0,0,0,0,0,0,0,0,0,0
24,305,259,306,1,0,0,0,0,0,0,0,0,0,0,0,0,0,0,0
343,150,194,18,0,0,0,0,0,0,0,0,0,0,0,0,0,0,0,1
9,21,109,0,0,0,0,0,0,0,0,0,0,0,0,0,0,0,0,0
4,608,0,0,0,0,0,0,0,0,0,0,0,0,0,0,0,0,0,1
3,3,250,429,45,0,0,0,0,0,0,0,0,0,0,0,0,0,0,1
171,33,28,55,307,0,0,0,0,0,0,0,0,0,0,0,0,0,0,1
1,23,0,0,0,0,0,0,0,0,0,0,0,0,0,0,0,0,0,0
167,363,221,77,39,1,307,43,0,0,0,0,0,0,0,0,0,0,0,0
683,11,430,0,0,0,0,0,0,0,0,0,0,0,0,0,0,0,0,1
118,162,0,0,0,0,0,0,0,0,0,0,0,0,0,0,0,0,0,0
513,223,106,54,117,364,68,0,0,0,0,0,0,0,0,0,0,0,0,1
148,431,38,308,0,0,0,0,0,0,0,0,0,0,0,0,0,0,0,0
4,6,0,0,0,0,0,0,0,0,0,0,0,0,0,0,0,0,0,1
104,430,64,351,514,0,0,0,0,0,0,0,0,0,0,0,0,0,0,1
228,119,0,0,0,0,0,0,0,0,0,0,0,0,0,0,0,0,0,0
40,25,0,0,0,0,0,0,0,0,0,0,0,0,0,0,0,0,0,0
399,40,426,27,15,4,169,0,0,0,0,0,0,0,0,0,0,0,0,1
684,4,265,0,0,0,0,0,0,0,0,0,0,0,0,0,0,0,0,0
172,185,609,18,194,18,172,10,78,112,432,0,0,0,0,0,0,0,0,0
186,147,0,0,0,0,0,0,0,0,0,0,0,0,0,0,0,0,0,1
411,309,0,0,0,0,0,0,0,0,0,0,0,0,0,0,0,0,0,0
8,123,8,266,0,0,0,0,0,0,0,0,0,0,0,0,0,0,0,1
433,365,1,111,196,119,310,124,9,154,87,29,196,196,0,0,0,0,0,0
96,311,0,0,0,0,0,0,0,0,0,0,0,0,0,0,0,0,0,0
685,53,60,2,39,11,0,0,0,0,0,0,0,0,0,0,0,0,0,1
151,18,0,0,0,0,0,0,0,0,0,0,0,0,0,0,0,0,0,1
299,30,2,10,106,0,0,0,0,0,0,0,0,0,0,0,0,0,0,1
229,481,8,263,515,312,50,23,0,0,0,0,0,0,0,0,0,0,0,1
146,8,187,197,173,7,160,26,92,86,187,313,314,0,0,0,0,0,0,1
516,0,0,0,0,0,0,0,0,0,0,0,0,0,0,0,0,0,0,1
9,2,0,0,0,0,0,0,0,0,0,0,0,0,0,0,0,0,0,1
1,517,517,315,0,0,0,0,0,0,0,0,0,0,0,0,0,0,0,1
253,11,0,0,0,0,0,0,0,0,0,0,0,0,0,0,0,0,0,1
17,74,0,0,0,0,0,0,0,0,0,0,0,0,0,0,0,0,0,0
515,174,60,0,0,0,0,0,0,0,0,0,0,0,0,0,0,0,0,1
34,434,156,0,0,0,0,0,0,0,0,0,0,0,0,0,0,0,0,1
53,316,99,0,0,0,0,0,0,0,0,0,0,0,0,0,0,0,0,0
34,435,518,7,519,155,0,0,0,0,0,0,0,0,0,0,0,0,0,1
520,4,521,0,0,0,0,0,0,0,0,0,0,0,0,0,0,0,0,1
96,32,86,122,153,0,0,0,0,0,0,0,0,0,0,0,0,0,0,1
124,310,75,10,48,245,115,0,0,0,0,0,0,0,0,0,0,0,0,0
82,317,318,5,0,0,0,0,0,0,0,0,0,0,0,0,0,0,0,1
128,10,482,0,0,0,0,0,0,0,0,0,0,0,0,0,0,0,0,0
262,1,90,0,0,0,0,0,0,0,0,0,0,0,0,0,0,0,0,1
105,11,22,1,0,0,0,0,0,0,0,0,0,0,0,0,0,0,0,1
610,0,0,0,0,0,0,0,0,0,0,0,0,0,0,0,0,0,0,0
611,28,250,0,0,0,0,0,0,0,0,0,0,0,0,0,0,0,0,1
32,313,34,5,3,244,14,149,0,0,0,0,0,0,0,0,0,0,0,1
497,133,0,0,0,0,0,0,0,0,0,0,0,0,0,0,0,0,0,1
358,226,522,436,116,1,0,0,0,0,0,0,0,0,0,0,0,0,0,0
7,298,7,298,583,437,0,0,0,0,0,0,0,0,0,0,0,0,0,1
1,8,438,141,0,0,0,0,0,0,0,0,0,0,0,0,0,0,0,0
10,5,612,1,0,0,0,0,0,0,0,0,0,0,0,0,0,0,0,0
110,289,0,0,0,0,0,0,0,0,0,0,0,0,0,0,0,0,0,0
523,42,8,0,0,0,0,0,0,0,0,0,0,0,0,0,0,0,0,1
13,0,0,0,0,0,0,0,0,0,0,0,0,0,0,0,0,0,0,0
41,86,8,43,0,0,0,0,0,0,0,0,0,0,0,0,0,0,0,1
34,366,0,0,0,0,0,0,0,0,0,0,0,0,0,0,0,0,0,1
195,0,0,0,0,0,0,0,0,0,0,0,0,0,0,0,0,0,0,0
16,524,0,0,0,0,0,0,0,0,0,0,0,0,0,0,0,0,0,0
2,50,31,246,0,0,0,0,0,0,0,0,0,0,0,0,0,0,0,1
7,319,3,20,80,0,0,0,0,0,0,0,0,0,0,0,0,0,0,0
45,591,8,13,439,590,116,47,74,115,139,285,8,440,0,0,0,0,0,0
216,151,4,306,230,42,0,0,0,0,0,0,0,0,0,0,0,0,0,0
61,0,0,0,0,0,0,0,0,0,0,0,0,0,0,0,0,0,0,0
98,79,686,77,223,0,0,0,0,0,0,0,0,0,0,0,0,0,0,1
613,197,611,0,0,0,0,0,0,0,0,0,0,0,0,0,0,0,0,0
142,93,320,40,196,0,0,0,0,0,0,0,0,0,0,0,0,0,0,1
357,15,114,46,356,0,0,0,0,0,0,0,0,0,0,0,0,0,0,1
25,687,134,66,438,6,163,4,0,0,0,0,0,0,0,0,0,0,0,1
11,688,17,94,0,0,0,0,0,0,0,0,0,0,0,0,0,0,0,0
7,57,5,20,80,0,0,0,0,0,0,0,0,0,0,0,0,0,0,0
267,518,0,0,0,0,0,0,0,0,0,0,0,0,0,0,0,0,0,1
427,46,91,726,367,2,0,0,0,0,0,0,0,0,0,0,0,0,0,1
12,53,12,507,175,193,193,71,0,0,0,0,0,0,0,0,0,0,0,1
368,11,12,135,357,1,42,0,0,0,0,0,0,0,0,0,0,0,0,0
245,291,11,198,268,424,241,193,525,33,525,0,0,0,0,0,0,0,0,0
98,184,0,0,0,0,0,0,0,0,0,0,0,0,0,0,0,0,0,0
61,507,0,0,0,0,0,0,0,0,0,0,0,0,0,0,0,0,0,0
12,286,11,0,0,0,0,0,0,0,0,0,0,0,0,0,0,0,0,0
481,0,0,0,0,0,0,0,0,0,0,0,0,0,0,0,0,0,0,1
30,14,0,0,0,0,0,0,0,0,0,0,0,0,0,0,0,0,0,1
614,0,0,0,0,0,0,0,0,0,0,0,0,0,0,0,0,0,0,0
78,256,441,184,0,0,0,0,0,0,0,0,0,0,0,0,0,0,0,1
689,0,0,0,0,0,0,0,0,0,0,0,0,0,0,0,0,0,0,1
413,342,107,10,615,176,107,21,36,0,0,0,0,0,0,0,0,0,0,1
4,9,127,16,0,0,0,0,0,0,0,0,0,0,0,0,0,0,0,1
34,0,0,0,0,0,0,0,0,0,0,0,0,0,0,0,0,0,0,1
8,13,70,124,369,3,0,0,0,0,0,0,0,0,0,0,0,0,0,0
215,690,3,0,0,0,0,0,0,0,0,0,0,0,0,0,0,0,0,1
56,187,74,252,691,0,0,0,0,0,0,0,0,0,0,0,0,0,0,1
118,118,0,0,0,0,0,0,0,0,0,0,0,0,0,0,0,0,0,0
269,42,113,227,0,0,0,0,0,0,0,0,0,0,0,0,0,0,0,0
108,159,291,26,526,0,0,0,0,0,0,0,0,0,0,0,0,0,0,1
692,0,0,0,0,0,0,0,0,0,0,0,0,0,0,0,0,0,0,1
606,404,67,17,7,231,170,0,0,0,0,0,0,0,0,0,0,0,0,0
442,57,20,36,0,0,0,0,0,0,0,0,0,0,0,0,0,0,0,0
693,0,0,0,0,0,0,0,0,0,0,0,0,0,0,0,0,0,0,0
321,149,3,160,72,149,0,0,0,0,0,0,0,0,0,0,0,0,0,1
289,190,12,218,26,0,0,0,0,0,0,0,0,0,0,0,0,0,0,0
527,356,11,18,0,0,0,0,0,0,0,0,0,0,0,0,0,0,0,1
269,97,108,5,4,0,0,0,0,0,0,0,0,0,0,0,0,0,0,1
19,6,20,0,0,0,0,0,0,0,0,0,0,0,0,0,0,0,0,1
286,0,0,0,0,0,0,0,0,0,0,0,0,0,0,0,0,0,0,0
14,176,0,0,0,0,0,0,0,0,0,0,0,0,0,0,0,0,0,1
31,30,0,0,0,0,0,0,0,0,0,0,0,0,0,0,0,0,0,1
370,727,0,0,0,0,0,0,0,0,0,0,0,0,0,0,0,0,0,0
257,28,429,0,0,0,0,0,0,0,0,0,0,0,0,0,0,0,0,1
68,81,131,30,35,176,128,371,0,0,0,0,0,0,0,0,0,0,0,0
1,244,7,140,0,0,0,0,0,0,0,0,0,0,0,0,0,0,0,0
13,18,13,0,0,0,0,0,0,0,0,0,0,0,0,0,0,0,0,0
106,17,616,7,36,21,154,0,0,0,0,0,0,0,0,0,0,0,0,1
443,0,0,0,0,0,0,0,0,0,0,0,0,0,0,0,0,0,0,0
133,30,1,2,74,10,250,8,54,617,198,372,304,0,0,0,0,0,0,0
151,4,0,0,0,0,0,0,0,0,0,0,0,0,0,0,0,0,0,1
48,199,0,0,0,0,0,0,0,0,0,0,0,0,0,0,0,0,0,1
122,145,177,0,0,0,0,0,0,0,0,0,0,0,0,0,0,0,0,1
690,5,1,199,3,0,0,0,0,0,0,0,0,0,0,0,0,0,0,0
373,85,0,0,0,0,0,0,0,0,0,0,0,0,0,0,0,0,0,1
6,197,0,0,0,0,0,0,0,0,0,0,0,0,0,0,0,0,0,1
494,75,99,0,0,0,0,0,0,0,0,0,0,0,0,0,0,0,0,0
224,0,0,0,0,0,0,0,0,0,0,0,0,0,0,0,0,0,0,1
26,694,444,6,100,1,0,0,0,0,0,0,0,0,0,0,0,0,0,1
1,37,0,0,0,0,0,0,0,0,0,0,0,0,0,0,0,0,0,0
12,1,232,0,0,0,0,0,0,0,0,0,0,0,0,0,0,0,0,0
445,446,267,174,209,209,0,0,0,0,0,0,0,0,0,0,0,0,0,1
31,177,0,0,0,0,0,0,0,0,0,0,0,0,0,0,0,0,0,1
435,76,14,11,15,310,51,0,0,0,0,0,0,0,0,0,0,0,0,1
106,103,0,0,0,0,0,0,0,0,0,0,0,0,0,0,0,0,0,1
1,342,6,0,0,0,0,0,0,0,0,0,0,0,0,0,0,0,0,0
136,4,0,0,0,0,0,0,0,0,0,0,0,0,0,0,0,0,0,1
309,70,251,65,618,116,374,66,618,227,0,0,0,0,0,0,0,0,0,0
1,0,0,0,0,0,0,0,0,0,0,0,0,0,0,0,0,0,0,1
46,36,0,0,0,0,0,0,0,0,0,0,0,0,0,0,0,0,0,1
174,314,0,0,0,0,0,0,0,0,0,0,0,0,0,0,0,0,0,1
3,211,154,0,0,0,0,0,0,0,0,0,0,0,0,0,0,0,0,1
178,37,73,10,117,0,0,0,0,0,0,0,0,0,0,0,0,0,0,1
262,233,113,82,0,0,0,0,0,0,0,0,0,0,0,0,0,0,0,0
4,500,0,0,0,0,0,0,0,0,0,0,0,0,0,0,0,0,0,1
92,5,355,14,0,0,0,0,0,0,0,0,0,0,0,0,0,0,0,1
16,81,9,375,0,0,0,0,0,0,0,0,0,0,0,0,0,0,0,0
38,77,0,0,0,0,0,0,0,0,0,0,0,0,0,0,0,0,0,1
121,9,1,9,0,0,0,0,0,0,0,0,0,0,0,0,0,0,0,0
619,234,16,0,0,0,0,0,0,0,0,0,0,0,0,0,0,0,0,0
200,528,321,5,0,0,0,0,0,0,0,0,0,0,0,0,0,0,0,1
76,428,121,397,695,6,51,434,31,0,0,0,0,0,0,0,0,0,0,1
215,8,11,72,0,0,0,0,0,0,0,0,0,0,0,0,0,0,0,1
120,1,196,25,37,0,0,0,0,0,0,0,0,0,0,0,0,0,0,1
78,1,47,0,0,0,0,0,0,0,0,0,0,0,0,0,0,0,0,0
85,144,85,144,0,0,0,0,0,0,0,0,0,0,0,0,0,0,0,0
1,62,28,18,580,88,14,28,187,447,0,0,0,0,0,0,0,0,0,1
297,31,0,0,0,0,0,0,0,0,0,0,0,0,0,0,0,0,0,1
18,194,369,3,0,0,0,0,0,0,0,0,0,0,0,0,0,0,0,1
343,73,7,56,3,49,86,620,302,0,0,0,0,0,0,0,0,0,0,1
1,84,7,621,10,0,0,0,0,0,0,0,0,0,0,0,0,0,0,0
4,51,24,0,0,0,0,0,0,0,0,0,0,0,0,0,0,0,0,1
13,5,13,270,2,102,478,86,120,1,244,201,0,0,0,0,0,0,0,0
27,433,33,1,7,183,61,0,0,0,0,0,0,0,0,0,0,0,0,1
11,0,0,0,0,0,0,0,0,0,0,0,0,0,0,0,0,0,0,1
35,38,448,11,138,117,0,0,0,0,0,0,0,0,0,0,0,0,0,1
48,2,263,322,0,0,0,0,0,0,0,0,0,0,0,0,0,0,0,1
48,155,12,53,0,0,0,0,0,0,0,0,0,0,0,0,0,0,0,1
50,353,18,27,0,0,0,0,0,0,0,0,0,0,0,0,0,0,0,1
6,156,0,0,0,0,0,0,0,0,0,0,0,0,0,0,0,0,0,0
101,0,0,0,0,0,0,0,0,0,0,0,0,0,0,0,0,0,0,1
133,436,10,6,1,8,6,0,0,0,0,0,0,0,0,0,0,0,0,0
31,271,59,144,177,0,0,0,0,0,0,0,0,0,0,0,0,0,0,1
15,253,59,144,622,125,376,223,0,0,0,0,0,0,0,0,0,0,0,1
53,267,250,0,0,0,0,0,0,0,0,0,0,0,0,0,0,0,0,1
307,223,175,0,0,0,0,0,0,0,0,0,0,0,0,0,0,0,0,0
1,84,0,0,0,0,0,0,0,0,0,0,0,0,0,0,0,0,0,0
157,10,68,93,4,0,0,0,0,0,0,0,0,0,0,0,0,0,0,1
111,3,1,122,4,412,0,0,0,0,0,0,0,0,0,0,0,0,0,1
50,19,126,201,167,23,201,6,0,0,0,0,0,0,0,0,0,0,0,1
16,81,147,0,0,0,0,0,0,0,0,0,0,0,0,0,0,0,0,0
449,104,34,0,0,0,0,0,0,0,0,0,0,0,0,0,0,0,0,1
146,147,87,136,82,377,0,0,0,0,0,0,0,0,0,0,0,0,0,0
9,529,0,0,0,0,0,0,0,0,0,0,0,0,0,0,0,0,0,0
96,32,156,313,0,0,0,0,0,0,0,0,0,0,0,0,0,0,0,1
243,59,431,0,0,0,0,0,0,0,0,0,0,0,0,0,0,0,0,0
257,87,264,52,52,0,0,0,0,0,0,0,0,0,0,0,0,0,0,1
4,50,51,0,0,0,0,0,0,0,0,0,0,0,0,0,0,0,0,1
53,100,1,87,37,728,530,0,0,0,0,0,0,0,0,0,0,0,0,0
510,2,0,0,0,0,0,0,0,0,0,0,0,0,0,0,0,0,0,1
23,450,137,17,475,39,10,5,623,103,0,0,0,0,0,0,0,0,0,0
229,0,0,0,0,0,0,0,0,0,0,0,0,0,0,0,0,0,0,1
2,372,21,0,0,0,0,0,0,0,0,0,0,0,0,0,0,0,0,1
11,71,0,0,0,0,0,0,0,0,0,0,0,0,0,0,0,0,0,1
114,176,43,0,0,0,0,0,0,0,0,0,0,0,0,0,0,0,0,1
7,39,18,28,35,0,0,0,0,0,0,0,0,0,0,0,0,0,0,0
272,2,147,0,0,0,0,0,0,0,0,0,0,0,0,0,0,0,0,1
12,64,32,371,235,531,4,51,0,0,0,0,0,0,0,0,0,0,0,1
14,0,0,0,0,0,0,0,0,0,0,0,0,0,0,0,0,0,0,1
2,1,29,6,0,0,0,0,0,0,0,0,0,0,0,0,0,0,0,1
182,236,0,0,0,0,0,0,0,0,0,0,0,0,0,0,0,0,0,0
22,76,214,0,0,0,0,0,0,0,0,0,0,0,0,0,0,0,0,1
4,209,4,104,4,532,71,451,0,0,0,0,0,0,0,0,0,0,0,1
241,273,514,79,55,274,0,0,0,0,0,0,0,0,0,0,0,0,0,0
45,13,292,0,0,0,0,0,0,0,0,0,0,0,0,0,0,0,0,0
75,99,0,0,0,0,0,0,0,0,0,0,0,0,0,0,0,0,0,0
35,217,275,114,0,0,0,0,0,0,0,0,0,0,0,0,0,0,0,0
255,103,2,0,0,0,0,0,0,0,0,0,0,0,0,0,0,0,0,1
452,124,686,1,0,0,0,0,0,0,0,0,0,0,0,0,0,0,0,0
94,1,35,38,86,8,316,0,0,0,0,0,0,0,0,0,0,0,0,0
533,27,534,0,0,0,0,0,0,0,0,0,0,0,0,0,0,0,0,1
4,351,0,0,0,0,0,0,0,0,0,0,0,0,0,0,0,0,0,1
64,84,0,0,0,0,0,0,0,0,0,0,0,0,0,0,0,0,0,1
101,0,0,0,0,0,0,0,0,0,0,0,0,0,0,0,0,0,0,1
16,1,696,141,0,0,0,0,0,0,0,0,0,0,0,0,0,0,0,0
52,31,624,0,0,0,0,0,0,0,0,0,0,0,0,0,0,0,0,1
535,625,47,223,0,0,0,0,0,0,0,0,0,0,0,0,0,0,0,0
14,4,0,0,0,0,0,0,0,0,0,0,0,0,0,0,0,0,0,1
323,323,323,0,0,0,0,0,0,0,0,0,0,0,0,0,0,0,0,0
9,0,0,0,0,0,0,0,0,0,0,0,0,0,0,0,0,0,0,1
12,8,232,0,0,0,0,0,0,0,0,0,0,0,0,0,0,0,0,0
179,212,184,34,0,0,0,0,0,0,0,0,0,0,0,0,0,0,0,1
17,512,47,8,0,0,0,0,0,0,0,0,0,0,0,0,0,0,0,0
4,33,4,0,0,0,0,0,0,0,0,0,0,0,0,0,0,0,0,1
322,9,1,19,0,0,0,0,0,0,0,0,0,0,0,0,0,0,0,0
48,166,0,0,0,0,0,0,0,0,0,0,0,0,0,0,0,0,0,1
324,24,337,366,285,6,0,0,0,0,0,0,0,0,0,0,0,0,0,0
373,261,369,325,26,145,177,0,0,0,0,0,0,0,0,0,0,0,0,1
152,536,235,11,0,0,0,0,0,0,0,0,0,0,0,0,0,0,0,1
109,189,158,7,189,1,256,9,0,0,0,0,0,0,0,0,0,0,0,0
1,60,537,0,0,0,0,0,0,0,0,0,0,0,0,0,0,0,0,0
26,136,109,188,6,1,90,0,0,0,0,0,0,0,0,0,0,0,0,0
41,522,538,265,43,0,0,0,0,0,0,0,0,0,0,0,0,0,0,0
174,182,123,8,519,697,0,0,0,0,0,0,0,0,0,0,0,0,0,1
1,8,0,0,0,0,0,0,0,0,0,0,0,0,0,0,0,0,0,0
70,146,0,0,0,0,0,0,0,0,0,0,0,0,0,0,0,0,0,0
153,68,247,9,69,16,0,0,0,0,0,0,0,0,0,0,0,0,0,1
3,1,202,229,307,107,10,3,0,0,0,0,0,0,0,0,0,0,0,1
102,429,378,95,5,150,222,314,222,0,0,0,0,0,0,0,0,0,0,1
511,225,0,0,0,0,0,0,0,0,0,0,0,0,0,0,0,0,0,0
23,162,132,626,0,0,0,0,0,0,0,0,0,0,0,0,0,0,0,0
45,135,240,135,118,135,135,139,135,326,135,627,3,135,0,0,0,0,0,0
195,0,0,0,0,0,0,0,0,0,0,0,0,0,0,0,0,0,0,0
49,5,8,0,0,0,0,0,0,0,0,0,0,0,0,0,0,0,0,1
287,5,14,7,0,0,0,0,0,0,0,0,0,0,0,0,0,0,0,0
106,41,0,0,0,0,0,0,0,0,0,0,0,0,0,0,0,0,0,1
605,8,0,0,0,0,0,0,0,0,0,0,0,0,0,0,0,0,0,0
85,1,33,0,0,0,0,0,0,0,0,0,0,0,0,0,0,0,0,0
146,22,158,97,327,8,0,0,0,0,0,0,0,0,0,0,0,0,0,0
328,16,0,0,0,0,0,0,0,0,0,0,0,0,0,0,0,0,0,1
11,1,84,10,539,117,0,0,0,0,0,0,0,0,0,0,0,0,0,0
120,1,343,23,0,0,0,0,0,0,0,0,0,0,0,0,0,0,0,0
326,19,0,0,0,0,0,0,0,0,0,0,0,0,0,0,0,0,0,0
24,123,8,379,134,1,27,252,0,0,0,0,0,0,0,0,0,0,0,0
404,369,65,0,0,0,0,0,0,0,0,0,0,0,0,0,0,0,0,1
273,218,11,0,0,0,0,0,0,0,0,0,0,0,0,0,0,0,0,0
138,276,0,0,0,0,0,0,0,0,0,0,0,0,0,0,0,0,0,1
188,83,0,0,0,0,0,0,0,0,0,0,0,0,0,0,0,0,0,0
1,110,259,40,151,0,0,0,0,0,0,0,0,0,0,0,0,0,0,0
1,269,219,36,285,240,339,5,380,231,345,581,0,0,0,0,0,0,0,1
1,257,12,1,32,216,125,0,0,0,0,0,0,0,0,0,0,0,0,0
123,2,5,146,98,437,0,0,0,0,0,0,0,0,0,0,0,0,0,1
698,130,0,0,0,0,0,0,0,0,0,0,0,0,0,0,0,0,0,0
26,540,17,626,0,0,0,0,0,0,0,0,0,0,0,0,0,0,0,0
64,12,1,190,0,0,0,0,0,0,0,0,0,0,0,0,0,0,0,0
124,381,0,0,0,0,0,0,0,0,0,0,0,0,0,0,0,0,0,0
317,5,453,699,17,0,0,0,0,0,0,0,0,0,0,0,0,0,0,0
96,32,417,6,0,0,0,0,0,0,0,0,0,0,0,0,0,0,0,1
294,366,541,1,174,0,0,0,0,0,0,0,0,0,0,0,0,0,0,0
516,112,437,0,0,0,0,0,0,0,0,0,0,0,0,0,0,0,0,1
63,324,436,0,0,0,0,0,0,0,0,0,0,0,0,0,0,0,0,0
446,4,454,290,226,0,0,0,0,0,0,0,0,0,0,0,0,0,0,1
495,1,228,188,134,0,0,0,0,0,0,0,0,0,0,0,0,0,0,0
58,452,164,216,12,14,18,20,0,0,0,0,0,0,0,0,0,0,0,0
90,132,102,290,275,607,0,0,0,0,0,0,0,0,0,0,0,0,0,0
1,455,98,56,628,23,542,629,450,630,9,0,0,0,0,0,0,0,0,0
2,41,18,27,0,0,0,0,0,0,0,0,0,0,0,0,0,0,0,1
2,88,46,201,24,155,213,8,150,314,0,0,0,0,0,0,0,0,0,1
543,23,147,92,3,456,152,0,0,0,0,0,0,0,0,0,0,0,0,1
2,39,11,73,291,22,0,0,0,0,0,0,0,0,0,0,0,0,0,1
26,329,82,0,0,0,0,0,0,0,0,0,0,0,0,0,0,0,0,0
24,60,91,197,50,0,0,0,0,0,0,0,0,0,0,0,0,0,0,1
1,14,10,438,0,0,0,0,0,0,0,0,0,0,0,0,0,0,0,0
2,52,78,15,328,0,0,0,0,0,0,0,0,0,0,0,0,0,0,1
98,54,10,544,401,117,22,1,382,21,9,16,0,0,0,0,0,0,0,1
31,0,0,0,0,0,0,0,0,0,0,0,0,0,0,0,0,0,0,1
28,72,8,0,0,0,0,0,0,0,0,0,0,0,0,0,0,0,0,0
212,175,628,729,8,427,0,0,0,0,0,0,0,0,0,0,0,0,0,0
274,116,315,66,175,87,10,61,55,0,0,0,0,0,0,0,0,0,0,0
69,148,0,0,0,0,0,0,0,0,0,0,0,0,0,0,0,0,0,1
6,265,186,0,0,0,0,0,0,0,0,0,0,0,0,0,0,0,0,1
78,9,40,545,0,0,0,0,0,0,0,0,0,0,0,0,0,0,0,0
77,491,143,52,0,0,0,0,0,0,0,0,0,0,0,0,0,0,0,0
15,32,11,25,457,11,0,0,0,0,0,0,0,0,0,0,0,0,0,1
39,277,26,136,546,159,0,0,0,0,0,0,0,0,0,0,0,0,0,1
330,14,1,143,0,0,0,0,0,0,0,0,0,0,0,0,0,0,0,0
1,60,304,3,201,24,42,214,0,0,0,0,0,0,0,0,0,0,0,0
180,203,383,0,0,0,0,0,0,0,0,0,0,0,0,0,0,0,0,1
13,62,191,700,15,355,8,11,0,0,0,0,0,0,0,0,0,0,0,0
268,71,0,0,0,0,0,0,0,0,0,0,0,0,0,0,0,0,0,1
258,450,78,297,21,131,30,77,0,0,0,0,0,0,0,0,0,0,0,1
458,0,0,0,0,0,0,0,0,0,0,0,0,0,0,0,0,0,0,0
4,113,0,0,0,0,0,0,0,0,0,0,0,0,0,0,0,0,0,1
17,7,0,0,0,0,0,0,0,0,0,0,0,0,0,0,0,0,0,0
5,33,107,0,0,0,0,0,0,0,0,0,0,0,0,0,0,0,0,0
627,16,13,0,0,0,0,0,0,0,0,0,0,0,0,0,0,0,0,0
142,435,20,178,0,0,0,0,0,0,0,0,0,0,0,0,0,0,0,1
508,52,2,143,0,0,0,0,0,0,0,0,0,0,0,0,0,0,0,1
321,454,5,0,0,0,0,0,0,0,0,0,0,0,0,0,0,0,0,1
3,24,0,0,0,0,0,0,0,0,0,0,0,0,0,0,0,0,0,1
249,230,331,71,161,0,0,0,0,0,0,0,0,0,0,0,0,0,0,1
296,319,701,5,126,0,0,0,0,0,0,0,0,0,0,0,0,0,0,1
288,0,0,0,0,0,0,0,0,0,0,0,0,0,0,0,0,0,0,1
348,0,0,0,0,0,0,0,0,0,0,0,0,0,0,0,0,0,0,0
2,39,459,12,12,56,217,0,0,0,0,0,0,0,0,0,0,0,0,0
274,515,24,200,0,0,0,0,0,0,0,0,0,0,0,0,0,0,0,1
203,7,631,1,257,1,0,0,0,0,0,0,0,0,0,0,0,0,0,0
8,632,545,0,0,0,0,0,0,0,0,0,0,0,0,0,0,0,0,0
61,0,0,0,0,0,0,0,0,0,0,0,0,0,0,0,0,0,0,0
276,16,0,0,0,0,0,0,0,0,0,0,0,0,0,0,0,0,0,1
65,547,140,18,60,88,21,31,88,6,0,0,0,0,0,0,0,0,0,1
336,2,51,0,0,0,0,0,0,0,0,0,0,0,0,0,0,0,0,1
9,170,0,0,0,0,0,0,0,0,0,0,0,0,0,0,0,0,0,1
24,66,90,0,0,0,0,0,0,0,0,0,0,0,0,0,0,0,0,0
1,14,1,163,0,0,0,0,0,0,0,0,0,0,0,0,0,0,0,0
187,378,633,548,384,0,0,0,0,0,0,0,0,0,0,0,0,0,0,1
127,156,0,0,0,0,0,0,0,0,0,0,0,0,0,0,0,0,0,1
13,91,33,140,0,0,0,0,0,0,0,0,0,0,0,0,0,0,0,0
203,26,82,0,0,0,0,0,0,0,0,0,0,0,0,0,0,0,0,0
55,22,111,332,325,460,333,235,154,3,47,17,0,0,0,0,0,0,0,1
613,54,249,538,0,0,0,0,0,0,0,0,0,0,0,0,0,0,0,0
315,549,276,0,0,0,0,0,0,0,0,0,0,0,0,0,0,0,0,1
83,158,10,177,0,0,0,0,0,0,0,0,0,0,0,0,0,0,0,0
57,9,16,0,0,0,0,0,0,0,0,0,0,0,0,0,0,0,0,0
1,166,159,0,0,0,0,0,0,0,0,0,0,0,0,0,0,0,0,0
284,423,8,116,0,0,0,0,0,0,0,0,0,0,0,0,0,0,0,0
79,331,98,6,42,0,0,0,0,0,0,0,0,0,0,0,0,0,0,0
1,143,0,0,0,0,0,0,0,0,0,0,0,0,0,0,0,0,0,0
419,0,0,0,0,0,0,0,0,0,0,0,0,0,0,0,0,0,0,1
13,0,0,0,0,0,0,0,0,0,0,0,0,0,0,0,0,0,0,0
432,48,702,0,0,0,0,0,0,0,0,0,0,0,0,0,0,0,0,0
131,255,15,8,0,0,0,0,0,0,0,0,0,0,0,0,0,0,0,1
267,199,3,0,0,0,0,0,0,0,0,0,0,0,0,0,0,0,0,1
170,461,7,0,0,0,0,0,0,0,0,0,0,0,0,0,0,0,0,0
7,683,208,20,0,0,0,0,0,0,0,0,0,0,0,0,0,0,0,1
9,101,0,0,0,0,0,0,0,0,0,0,0,0,0,0,0,0,0,1
167,50,91,145,0,0,0,0,0,0,0,0,0,0,0,0,0,0,0,1
133,1,19,250,0,0,0,0,0,0,0,0,0,0,0,0,0,0,0,0
144,590,384,44,116,147,349,324,239,36,8,44,116,12,15,62,18,158,0,0
62,22,35,18,0,0,0,0,0,0,0,0,0,0,0,0,0,0,0,0
1,62,29,338,3,7,118,140,99,0,0,0,0,0,0,0,0,0,0,0
6,1,66,0,0,0,0,0,0,0,0,0,0,0,0,0,0,0,0,0
55,204,12,0,0,0,0,0,0,0,0,0,0,0,0,0,0,0,0,1
13,293,550,0,0,0,0,0,0,0,0,0,0,0,0,0,0,0,0,0
22,1,49,38,33,154,5,367,4,33,71,5,0,0,0,0,0,0,0,1
63,18,194,0,0,0,0,0,0,0,0,0,0,0,0,0,0,0,0,1
24,4,326,0,0,0,0,0,0,0,0,0,0,0,0,0,0,0,0,1
2,14,145,0,0,0,0,0,0,0,0,0,0,0,0,0,0,0,0,1
96,0,0,0,0,0,0,0,0,0,0,0,0,0,0,0,0,0,0,0
17,7,385,132,9,529,84,196,0,0,0,0,0,0,0,0,0,0,0,0
2,0,0,0,0,0,0,0,0,0,0,0,0,0,0,0,0,0,0,1
1,111,462,87,334,43,0,0,0,0,0,0,0,0,0,0,0,0,0,0
241,5,487,14,293,118,0,0,0,0,0,0,0,0,0,0,0,0,0,0
127,3,134,0,0,0,0,0,0,0,0,0,0,0,0,0,0,0,0,1
3,228,107,180,73,67,0,0,0,0,0,0,0,0,0,0,0,0,0,1
93,108,9,101,0,0,0,0,0,0,0,0,0,0,0,0,0,0,0,1
212,634,0,0,0,0,0,0,0,0,0,0,0,0,0,0,0,0,0,1
635,200,165,3,0,0,0,0,0,0,0,0,0,0,0,0,0,0,0,1
134,90,52,0,0,0,0,0,0,0,0,0,0,0,0,0,0,0,0,0
34,261,55,169,84,0,0,0,0,0,0,0,0,0,0,0,0,0,0,1
75,10,0,0,0,0,0,0,0,0,0,0,0,0,0,0,0,0,0,0
1,5,12,24,122,223,551,3,1,73,701,73,85,512,73,594,463,0,0,0
435,15,4,86,0,0,0,0,0,0,0,0,0,0,0,0,0,0,0,1
83,0,0,0,0,0,0,0,0,0,0,0,0,0,0,0,0,0,0,0
5,81,0,0,0,0,0,0,0,0,0,0,0,0,0,0,0,0,0,0
162,0,0,0,0,0,0,0,0,0,0,0,0,0,0,0,0,0,0,0
105,41,166,214,42,0,0,0,0,0,0,0,0,0,0,0,0,0,0,1
33,193,0,0,0,0,0,0,0,0,0,0,0,0,0,0,0,0,0,0
4,41,51,0,0,0,0,0,0,0,0,0,0,0,0,0,0,0,0,1
24,15,2,48,636,0,0,0,0,0,0,0,0,0,0,0,0,0,0,1
83,0,0,0,0,0,0,0,0,0,0,0,0,0,0,0,0,0,0,0
24,98,37,288,31,16,0,0,0,0,0,0,0,0,0,0,0,0,0,1
73,10,552,278,219,56,277,233,109,137,0,0,0,0,0,0,0,0,0,0
14,0,0,0,0,0,0,0,0,0,0,0,0,0,0,0,0,0,0,1
251,19,6,20,0,0,0,0,0,0,0,0,0,0,0,0,0,0,0,1
123,464,344,553,245,464,16,234,19,0,0,0,0,0,0,0,0,0,0,0
49,142,1,349,239,60,0,0,0,0,0,0,0,0,0,0,0,0,0,0
261,8,526,0,0,0,0,0,0,0,0,0,0,0,0,0,0,0,0,0
85,329,8,66,63,0,0,0,0,0,0,0,0,0,0,0,0,0,0,0
11,2,5,637,0,0,0,0,0,0,0,0,0,0,0,0,0,0,0,0
1,32,287,130,386,449,0,0,0,0,0,0,0,0,0,0,0,0,0,0
353,202,638,357,0,0,0,0,0,0,0,0,0,0,0,0,0,0,0,1
399,203,639,67,178,7,512,0,0,0,0,0,0,0,0,0,0,0,0,0
179,434,640,14,145,0,0,0,0,0,0,0,0,0,0,0,0,0,0,1
138,106,124,4,490,532,0,0,0,0,0,0,0,0,0,0,0,0,0,1
100,1,279,48,71,0,0,0,0,0,0,0,0,0,0,0,0,0,0,1
98,428,703,134,58,641,39,0,0,0,0,0,0,0,0,0,0,0,0,0
3,46,10,68,586,465,185,0,0,0,0,0,0,0,0,0,0,0,0,1
212,212,432,20,642,0,0,0,0,0,0,0,0,0,0,0,0,0,0,0
237,77,449,109,0,0,0,0,0,0,0,0,0,0,0,0,0,0,0,0
276,0,0,0,0,0,0,0,0,0,0,0,0,0,0,0,0,0,0,1
57,0,0,0,0,0,0,0,0,0,0,0,0,0,0,0,0,0,0,0
204,355,158,1,111,158,588,362,266,0,0,0,0,0,0,0,0,0,0,0
54,117,364,1,0,0,0,0,0,0,0,0,0,0,0,0,0,0,0,1
1,75,10,0,0,0,0,0,0,0,0,0,0,0,0,0,0,0,0,0
227,414,0,0,0,0,0,0,0,0,0,0,0,0,0,0,0,0,0,0
41,459,35,7,278,14,103,38,39,0,0,0,0,0,0,0,0,0,0,0
1,2,99,0,0,0,0,0,0,0,0,0,0,0,0,0,0,0,0,0
64,624,0,0,0,0,0,0,0,0,0,0,0,0,0,0,0,0,0,1
46,442,51,14,4,0,0,0,0,0,0,0,0,0,0,0,0,0,0,1
253,0,0,0,0,0,0,0,0,0,0,0,0,0,0,0,0,0,0,1
74,285,14,63,57,589,704,65,14,20,80,0,0,0,0,0,0,0,0,0
398,0,0,0,0,0,0,0,0,0,0,0,0,0,0,0,0,0,0,0
209,424,466,4,205,0,0,0,0,0,0,0,0,0,0,0,0,0,0,1
100,1,25,37,0,0,0,0,0,0,0,0,0,0,0,0,0,0,0,0
85,1,387,45,136,0,0,0,0,0,0,0,0,0,0,0,0,0,0,0
11,0,0,0,0,0,0,0,0,0,0,0,0,0,0,0,0,0,0,0
272,89,234,16,0,0,0,0,0,0,0,0,0,0,0,0,0,0,0,0
17,33,233,287,25,0,0,0,0,0,0,0,0,0,0,0,0,0,0,0
71,19,10,0,0,0,0,0,0,0,0,0,0,0,0,0,0,0,0,1
5,284,47,0,0,0,0,0,0,0,0,0,0,0,0,0,0,0,0,0
311,396,0,0,0,0,0,0,0,0,0,0,0,0,0,0,0,0,0,0
388,327,367,29,211,0,0,0,0,0,0,0,0,0,0,0,0,0,0,1
217,36,21,81,0,0,0,0,0,0,0,0,0,0,0,0,0,0,0,0
180,0,0,0,0,0,0,0,0,0,0,0,0,0,0,0,0,0,0,1
183,554,1,15,405,60,555,205,0,0,0,0,0,0,0,0,0,0,0,0
83,21,0,0,0,0,0,0,0,0,0,0,0,0,0,0,0,0,0,0
17,43,499,17,498,377,0,0,0,0,0,0,0,0,0,0,0,0,0,0
397,105,7,19,246,0,0,0,0,0,0,0,0,0,0,0,0,0,0,1
175,101,0,0,0,0,0,0,0,0,0,0,0,0,0,0,0,0,0,1
40,513,3,0,0,0,0,0,0,0,0,0,0,0,0,0,0,0,0,0
303,8,22,295,27,10,643,0,0,0,0,0,0,0,0,0,0,0,0,0
11,109,33,556,0,0,0,0,0,0,0,0,0,0,0,0,0,0,0,0
270,326,29,39,29,3,8,28,59,705,0,0,0,0,0,0,0,0,0,0
318,329,53,300,82,1,149,0,0,0,0,0,0,0,0,0,0,0,0,1
19,311,557,189,16,66,396,0,0,0,0,0,0,0,0,0,0,0,0,0
173,132,115,178,558,689,0,0,0,0,0,0,0,0,0,0,0,0,0,1
22,1,42,259,1,2,0,0,0,0,0,0,0,0,0,0,0,0,0,0
3,150,271,232,314,0,0,0,0,0,0,0,0,0,0,0,0,0,0,0
1,283,5,4,160,0,0,0,0,0,0,0,0,0,0,0,0,0,0,1
171,3,8,38,269,49,132,68,5,122,0,0,0,0,0,0,0,0,0,1
4,207,0,0,0,0,0,0,0,0,0,0,0,0,0,0,0,0,0,1
133,17,410,45,338,411,14,39,0,0,0,0,0,0,0,0,0,0,0,0
176,0,0,0,0,0,0,0,0,0,0,0,0,0,0,0,0,0,0,1
456,22,232,259,26,37,99,0,0,0,0,0,0,0,0,0,0,0,0,0
34,730,549,324,153,0,0,0,0,0,0,0,0,0,0,0,0,0,0,1
524,19,189,16,0,0,0,0,0,0,0,0,0,0,0,0,0,0,0,1
35,0,0,0,0,0,0,0,0,0,0,0,0,0,0,0,0,0,0,0
139,93,514,0,0,0,0,0,0,0,0,0,0,0,0,0,0,0,0,1
12,96,32,41,0,0,0,0,0,0,0,0,0,0,0,0,0,0,0,1
159,133,152,521,290,108,165,378,0,0,0,0,0,0,0,0,0,0,0,1
80,3,0,0,0,0,0,0,0,0,0,0,0,0,0,0,0,0,0,0
1,2,235,389,201,29,47,0,0,0,0,0,0,0,0,0,0,0,0,0
82,139,0,0,0,0,0,0,0,0,0,0,0,0,0,0,0,0,0,0
454,89,425,597,72,46,400,85,0,0,0,0,0,0,0,0,0,0,0,1
168,42,152,88,378,0,0,0,0,0,0,0,0,0,0,0,0,0,0,1
96,32,3,125,149,583,0,0,0,0,0,0,0,0,0,0,0,0,0,1
4,6,0,0,0,0,0,0,0,0,0,0,0,0,0,0,0,0,0,1
594,352,114,275,0,0,0,0,0,0,0,0,0,0,0,0,0,0,0,0
90,559,0,0,0,0,0,0,0,0,0,0,0,0,0,0,0,0,0,0
78,6,419,0,0,0,0,0,0,0,0,0,0,0,0,0,0,0,0,1
82,32,0,0,0,0,0,0,0,0,0,0,0,0,0,0,0,0,0,0
1,467,0,0,0,0,0,0,0,0,0,0,0,0,0,0,0,0,0,0
12,644,162,1,56,7,280,0,0,0,0,0,0,0,0,0,0,0,0,0
40,151,18,453,1,14,0,0,0,0,0,0,0,0,0,0,0,0,0,0
268,136,17,205,432,129,236,268,17,205,0,0,0,0,0,0,0,0,0,0
64,1,2,0,0,0,0,0,0,0,0,0,0,0,0,0,0,0,0,1
533,6,141,352,0,0,0,0,0,0,0,0,0,0,0,0,0,0,0,0
221,0,0,0,0,0,0,0,0,0,0,0,0,0,0,0,0,0,0,0
277,155,0,0,0,0,0,0,0,0,0,0,0,0,0,0,0,0,0,1
176,468,18,181,538,167,50,0,0,0,0,0,0,0,0,0,0,0,0,1
128,10,346,13,0,0,0,0,0,0,0,0,0,0,0,0,0,0,0,0
385,620,24,632,72,10,1,93,69,254,169,0,0,0,0,0,0,0,0,0
11,4,0,0,0,0,0,0,0,0,0,0,0,0,0,0,0,0,0,1
175,1,0,0,0,0,0,0,0,0,0,0,0,0,0,0,0,0,0,1
34,30,371,131,30,4,188,2,43,112,176,91,0,0,0,0,0,0,0,1
47,65,46,248,4,706,0,0,0,0,0,0,0,0,0,0,0,0,0,1
36,21,154,31,42,30,110,370,376,370,42,30,110,0,0,0,0,0,0,1
156,14,4,0,0,0,0,0,0,0,0,0,0,0,0,0,0,0,0,1
15,15,2,645,10,0,0,0,0,0,0,0,0,0,0,0,0,0,0,1
1,619,280,0,0,0,0,0,0,0,0,0,0,0,0,0,0,0,0,0
405,60,229,160,0,0,0,0,0,0,0,0,0,0,0,0,0,0,0,1
4,11,96,32,0,0,0,0,0,0,0,0,0,0,0,0,0,0,0,1
19,270,340,37,327,112,0,0,0,0,0,0,0,0,0,0,0,0,0,0
456,22,246,0,0,0,0,0,0,0,0,0,0,0,0,0,0,0,0,0
5,579,0,0,0,0,0,0,0,0,0,0,0,0,0,0,0,0,0,0
5,17,17,267,47,0,0,0,0,0,0,0,0,0,0,0,0,0,0,1
537,52,14,4,0,0,0,0,0,0,0,0,0,0,0,0,0,0,0,1
5,560,95,646,0,0,0,0,0,0,0,0,0,0,0,0,0,0,0,1
63,0,0,0,0,0,0,0,0,0,0,0,0,0,0,0,0,0,0,1
64,7,13,7,0,0,0,0,0,0,0,0,0,0,0,0,0,0,0,0
52,115,58,1,107,60,258,0,0,0,0,0,0,0,0,0,0,0,0,0
4,16,0,0,0,0,0,0,0,0,0,0,0,0,0,0,0,0,0,1
64,37,0,0,0,0,0,0,0,0,0,0,0,0,0,0,0,0,0,1
25,56,3,390,238,0,0,0,0,0,0,0,0,0,0,0,0,0,0,0
14,145,0,0,0,0,0,0,0,0,0,0,0,0,0,0,0,0,0,1
271,4,0,0,0,0,0,0,0,0,0,0,0,0,0,0,0,0,0,1
99,0,0,0,0,0,0,0,0,0,0,0,0,0,0,0,0,0,0,0
5,47,284,236,0,0,0,0,0,0,0,0,0,0,0,0,0,0,0,0
382,0,0,0,0,0,0,0,0,0,0,0,0,0,0,0,0,0,0,1
67,316,137,375,102,60,29,358,93,535,210,210,1,27,308,0,0,0,0,0
354,15,42,0,0,0,0,0,0,0,0,0,0,0,0,0,0,0,0,0
502,272,1,14,0,0,0,0,0,0,0,0,0,0,0,0,0,0,0,0
622,0,0,0,0,0,0,0,0,0,0,0,0,0,0,0,0,0,0,1
527,346,0,0,0,0,0,0,0,0,0,0,0,0,0,0,0,0,0,0
31,30,0,0,0,0,0,0,0,0,0,0,0,0,0,0,0,0,0,0
57,20,605,0,0,0,0,0,0,0,0,0,0,0,0,0,0,0,0,0
64,7,38,647,80,235,191,0,0,0,0,0,0,0,0,0,0,0,0,1
707,89,0,0,0,0,0,0,0,0,0,0,0,0,0,0,0,0,0,0
169,93,9,21,87,16,292,234,0,0,0,0,0,0,0,0,0,0,0,0
4,363,0,0,0,0,0,0,0,0,0,0,0,0,0,0,0,0,0,1
23,83,487,246,10,228,383,0,0,0,0,0,0,0,0,0,0,0,0,0
55,0,0,0,0,0,0,0,0,0,0,0,0,0,0,0,0,0,0,0
204,182,97,204,182,269,97,204,405,18,330,549,182,0,0,0,0,0,0,0
4,9,0,0,0,0,0,0,0,0,0,0,0,0,0,0,0,0,0,1
525,1,413,0,0,0,0,0,0,0,0,0,0,0,0,0,0,0,0,0
335,0,0,0,0,0,0,0,0,0,0,0,0,0,0,0,0,0,0,1
129,136,32,3,125,8,2,191,3,509,0,0,0,0,0,0,0,0,0,1
498,1,22,76,0,0,0,0,0,0,0,0,0,0,0,0,0,0,0,0
54,3,89,403,560,0,0,0,0,0,0,0,0,0,0,0,0,0,0,0
108,28,469,28,187,0,0,0,0,0,0,0,0,0,0,0,0,0,0,1
13,188,0,0,0,0,0,0,0,0,0,0,0,0,0,0,0,0,0,0
383,387,71,177,70,0,0,0,0,0,0,0,0,0,0,0,0,0,0,0
102,321,302,520,502,28,177,0,0,0,0,0,0,0,0,0,0,0,0,1
1,80,3,64,32,0,0,0,0,0,0,0,0,0,0,0,0,0,0,1
39,237,45,0,0,0,0,0,0,0,0,0,0,0,0,0,0,0,0,0
1,232,0,0,0,0,0,0,0,0,0,0,0,0,0,0,0,0,0,0
3,15,0,0,0,0,0,0,0,0,0,0,0,0,0,0,0,0,0,0
47,46,0,0,0,0,0,0,0,0,0,0,0,0,0,0,0,0,0,1
55,174,101,0,0,0,0,0,0,0,0,0,0,0,0,0,0,0,0,1
444,513,330,151,612,239,214,695,0,0,0,0,0,0,0,0,0,0,0,0
108,27,123,445,357,0,0,0,0,0,0,0,0,0,0,0,0,0,0,1
374,29,110,11,0,0,0,0,0,0,0,0,0,0,0,0,0,0,0,0
16,122,17,94,0,0,0,0,0,0,0,0,0,0,0,0,0,0,0,0
1,2,648,0,0,0,0,0,0,0,0,0,0,0,0,0,0,0,0,0
51,561,16,4,0,0,0,0,0,0,0,0,0,0,0,0,0,0,0,1
179,74,492,26,116,58,463,1,4,0,0,0,0,0,0,0,0,0,0,0
469,562,172,5,127,0,0,0,0,0,0,0,0,0,0,0,0,0,0,1
160,340,74,406,563,0,0,0,0,0,0,0,0,0,0,0,0,0,0,1
336,345,0,0,0,0,0,0,0,0,0,0,0,0,0,0,0,0,0,1
40,13,0,0,0,0,0,0,0,0,0,0,0,0,0,0,0,0,0,0
95,7,185,130,7,78,261,649,63,63,0,0,0,0,0,0,0,0,0,0
402,23,564,0,0,0,0,0,0,0,0,0,0,0,0,0,0,0,0,0
565,144,85,529,0,0,0,0,0,0,0,0,0,0,0,0,0,0,0,0
231,89,13,16,9,135,0,0,0,0,0,0,0,0,0,0,0,0,0,0
40,78,0,0,0,0,0,0,0,0,0,0,0,0,0,0,0,0,0,0
2,0,0,0,0,0,0,0,0,0,0,0,0,0,0,0,0,0,0,0
484,27,252,0,0,0,0,0,0,0,0,0,0,0,0,0,0,0,0,1
91,8,422,0,0,0,0,0,0,0,0,0,0,0,0,0,0,0,0,1
292,247,0,0,0,0,0,0,0,0,0,0,0,0,0,0,0,0,0,1
26,566,368,0,0,0,0,0,0,0,0,0,0,0,0,0,0,0,0,0
318,225,0,0,0,0,0,0,0,0,0,0,0,0,0,0,0,0,0,0
211,93,2,485,104,650,12,34,56,564,387,158,0,0,0,0,0,0,0,1
3,18,460,325,180,0,0,0,0,0,0,0,0,0,0,0,0,0,0,1
25,103,95,11,40,80,142,731,675,260,0,0,0,0,0,0,0,0,0,0
172,3,20,80,0,0,0,0,0,0,0,0,0,0,0,0,0,0,0,1
265,0,0,0,0,0,0,0,0,0,0,0,0,0,0,0,0,0,0,1
12,231,107,13,189,16,68,389,0,0,0,0,0,0,0,0,0,0,0,0
177,1,102,708,35,1,709,144,18,709,144,2,0,0,0,0,0,0,0,0
1,49,61,0,0,0,0,0,0,0,0,0,0,0,0,0,0,0,0,1
40,20,25,37,463,95,86,567,0,0,0,0,0,0,0,0,0,0,0,0
179,157,185,363,421,6,371,7,54,7,105,91,43,0,0,0,0,0,0,1
391,54,193,408,710,295,20,132,347,0,0,0,0,0,0,0,0,0,0,1
61,0,0,0,0,0,0,0,0,0,0,0,0,0,0,0,0,0,0,0
2,651,51,0,0,0,0,0,0,0,0,0,0,0,0,0,0,0,0,1
106,41,0,0,0,0,0,0,0,0,0,0,0,0,0,0,0,0,0,1
372,21,83,83,0,0,0,0,0,0,0,0,0,0,0,0,0,0,0,0
543,42,0,0,0,0,0,0,0,0,0,0,0,0,0,0,0,0,0,1
206,135,196,206,225,0,0,0,0,0,0,0,0,0,0,0,0,0,0,0
1,618,4,165,22,24,29,568,197,397,562,0,0,0,0,0,0,0,0,1
9,15,319,0,0,0,0,0,0,0,0,0,0,0,0,0,0,0,0,0
1,75,7,0,0,0,0,0,0,0,0,0,0,0,0,0,0,0,0,0
5,431,74,76,339,183,53,300,53,0,0,0,0,0,0,0,0,0,0,0
176,43,0,0,0,0,0,0,0,0,0,0,0,0,0,0,0,0,0,1
96,32,7,589,6,0,0,0,0,0,0,0,0,0,0,0,0,0,0,1
72,186,11,0,0,0,0,0,0,0,0,0,0,0,0,0,0,0,0,1
127,322,263,0,0,0,0,0,0,0,0,0,0,0,0,0,0,0,0,1
1,23,77,0,0,0,0,0,0,0,0,0,0,0,0,0,0,0,0,0
3,129,0,0,0,0,0,0,0,0,0,0,0,0,0,0,0,0,0,0
711,587,1,25,0,0,0,0,0,0,0,0,0,0,0,0,0,0,0,0
99,599,0,0,0,0,0,0,0,0,0,0,0,0,0,0,0,0,0,0
106,108,123,2,279,0,0,0,0,0,0,0,0,0,0,0,0,0,0,1
20,3,542,308,552,0,0,0,0,0,0,0,0,0,0,0,0,0,0,1
55,0,0,0,0,0,0,0,0,0,0,0,0,0,0,0,0,0,0,1
1,62,11,630,9,20,642,0,0,0,0,0,0,0,0,0,0,0,0,0
1,63,8,3,81,0,0,0,0,0,0,0,0,0,0,0,0,0,0,0
73,455,28,546,712,0,0,0,0,0,0,0,0,0,0,0,0,0,0,1
652,48,347,0,0,0,0,0,0,0,0,0,0,0,0,0,0,0,0,0
64,168,0,0,0,0,0,0,0,0,0,0,0,0,0,0,0,0,0,1
181,7,300,613,5,20,80,551,115,0,0,0,0,0,0,0,0,0,0,0
355,0,0,0,0,0,0,0,0,0,0,0,0,0,0,0,0,0,0,1
15,32,198,47,46,155,0,0,0,0,0,0,0,0,0,0,0,0,0,1
9,195,0,0,0,0,0,0,0,0,0,0,0,0,0,0,0,0,0,0
4,41,328,713,0,0,0,0,0,0,0,0,0,0,0,0,0,0,0,1
12,64,25,37,0,0,0,0,0,0,0,0,0,0,0,0,0,0,0,1
152,1,23,281,76,0,0,0,0,0,0,0,0,0,0,0,0,0,0,1
66,117,364,351,0,0,0,0,0,0,0,0,0,0,0,0,0,0,0,1
1,562,640,0,0,0,0,0,0,0,0,0,0,0,0,0,0,0,0,0
251,311,0,0,0,0,0,0,0,0,0,0,0,0,0,0,0,0,0,0
7,79,0,0,0,0,0,0,0,0,0,0,0,0,0,0,0,0,0,0
226,22,38,115,158,226,116,222,429,95,0,0,0,0,0,0,0,0,0,1
1,23,2,246,0,0,0,0,0,0,0,0,0,0,0,0,0,0,0,0
5,1,282,0,0,0,0,0,0,0,0,0,0,0,0,0,0,0,0,1
59,463,44,15,344,28,0,0,0,0,0,0,0,0,0,0,0,0,0,1
1,333,0,0,0,0,0,0,0,0,0,0,0,0,0,0,0,0,0,0
54,10,120,1,196,242,0,0,0,0,0,0,0,0,0,0,0,0,0,1
541,81,189,16,26,566,0,0,0,0,0,0,0,0,0,0,0,0,0,0
9,51,561,0,0,0,0,0,0,0,0,0,0,0,0,0,0,0,0,1
87,198,73,161,127,0,0,0,0,0,0,0,0,0,0,0,0,0,0,1
55,229,218,0,0,0,0,0,0,0,0,0,0,0,0,0,0,0,0,1
261,171,38,171,38,569,0,0,0,0,0,0,0,0,0,0,0,0,0,1
10,353,5,62,58,251,295,59,0,0,0,0,0,0,0,0,0,0,0,1
109,109,0,0,0,0,0,0,0,0,0,0,0,0,0,0,0,0,0,0
348,39,17,0,0,0,0,0,0,0,0,0,0,0,0,0,0,0,0,0
24,74,56,290,0,0,0,0,0,0,0,0,0,0,0,0,0,0,0,1
448,11,25,0,0,0,0,0,0,0,0,0,0,0,0,0,0,0,0,1
565,4,39,0,0,0,0,0,0,0,0,0,0,0,0,0,0,0,0,1
296,20,219,0,0,0,0,0,0,0,0,0,0,0,0,0,0,0,0,0
272,554,199,0,0,0,0,0,0,0,0,0,0,0,0,0,0,0,0,1
9,296,273,452,206,390,0,0,0,0,0,0,0,0,0,0,0,0,0,0
31,325,31,425,31,5,0,0,0,0,0,0,0,0,0,0,0,0,0,1
303,379,170,707,22,181,95,379,181,119,0,0,0,0,0,0,0,0,0,0
2,104,148,74,0,0,0,0,0,0,0,0,0,0,0,0,0,0,0,1
14,8,470,14,0,0,0,0,0,0,0,0,0,0,0,0,0,0,0,1
7,454,226,20,384,24,7,570,20,65,0,0,0,0,0,0,0,0,0,1
101,0,0,0,0,0,0,0,0,0,0,0,0,0,0,0,0,0,0,1
58,349,26,13,0,0,0,0,0,0,0,0,0,0,0,0,0,0,0,0
188,565,2,0,0,0,0,0,0,0,0,0,0,0,0,0,0,0,0,1
47,0,0,0,0,0,0,0,0,0,0,0,0,0,0,0,0,0,0,1
433,26,0,0,0,0,0,0,0,0,0,0,0,0,0,0,0,0,0,0
614,624,0,0,0,0,0,0,0,0,0,0,0,0,0,0,0,0,0,1
56,3,428,0,0,0,0,0,0,0,0,0,0,0,0,0,0,0,0,0
423,386,15,166,462,0,0,0,0,0,0,0,0,0,0,0,0,0,0,0
15,276,697,142,64,84,0,0,0,0,0,0,0,0,0,0,0,0,0,1
3,361,13,85,13,626,33,0,0,0,0,0,0,0,0,0,0,0,0,0
61,22,0,0,0,0,0,0,0,0,0,0,0,0,0,0,0,0,0,0
89,156,27,115,243,72,0,0,0,0,0,0,0,0,0,0,0,0,0,1
100,1,61,0,0,0,0,0,0,0,0,0,0,0,0,0,0,0,0,1
78,6,119,154,210,202,0,0,0,0,0,0,0,0,0,0,0,0,0,0
35,1,247,0,0,0,0,0,0,0,0,0,0,0,0,0,0,0,0,0
42,234,339,3,18,13,45,13,228,308,17,63,17,289,377,571,8,27,213,0
100,1,37,0,0,0,0,0,0,0,0,0,0,0,0,0,0,0,0,0
34,131,0,0,0,0,0,0,0,0,0,0,0,0,0,0,0,0,0,1
157,185,67,110,631,305,266,0,0,0,0,0,0,0,0,0,0,0,0,0
330,66,7,20,114,151,0,0,0,0,0,0,0,0,0,0,0,0,0,0
112,540,306,6,79,0,0,0,0,0,0,0,0,0,0,0,0,0,0,0
9,81,0,0,0,0,0,0,0,0,0,0,0,0,0,0,0,0,0,0
42,130,0,0,0,0,0,0,0,0,0,0,0,0,0,0,0,0,0,0
60,97,124,115,316,449,65,0,0,0,0,0,0,0,0,0,0,0,0,0
371,91,43,18,0,0,0,0,0,0,0,0,0,0,0,0,0,0,0,1
1,8,0,0,0,0,0,0,0,0,0,0,0,0,0,0,0,0,0,0
644,382,45,476,0,0,0,0,0,0,0,0,0,0,0,0,0,0,0,1
484,0,0,0,0,0,0,0,0,0,0,0,0,0,0,0,0,0,0,1
279,229,0,0,0,0,0,0,0,0,0,0,0,0,0,0,0,0,0,1
1,2,0,0,0,0,0,0,0,0,0,0,0,0,0,0,0,0,0,0
1,164,107,107,60,123,11,0,0,0,0,0,0,0,0,0,0,0,0,0
34,39,0,0,0,0,0,0,0,0,0,0,0,0,0,0,0,0,0,1
64,84,232,242,10,117,0,0,0,0,0,0,0,0,0,0,0,0,0,1
302,284,460,1,365,202,732,270,653,0,0,0,0,0,0,0,0,0,0,0
1,69,0,0,0,0,0,0,0,0,0,0,0,0,0,0,0,0,0,0
24,43,153,43,233,43,0,0,0,0,0,0,0,0,0,0,0,0,0,0
373,121,5,679,75,10,159,0,0,0,0,0,0,0,0,0,0,0,0,0
24,8,268,572,263,410,207,0,0,0,0,0,0,0,0,0,0,0,0,1
16,145,272,69,0,0,0,0,0,0,0,0,0,0,0,0,0,0,0,1
47,4,422,0,0,0,0,0,0,0,0,0,0,0,0,0,0,0,0,1
127,0,0,0,0,0,0,0,0,0,0,0,0,0,0,0,0,0,0,1
1,2,0,0,0,0,0,0,0,0,0,0,0,0,0,0,0,0,0,0
50,179,440,230,7,353,107,0,0,0,0,0,0,0,0,0,0,0,0,1
52,115,96,0,0,0,0,0,0,0,0,0,0,0,0,0,0,0,0,0
2,3,15,29,0,0,0,0,0,0,0,0,0,0,0,0,0,0,0,1
76,157,6,70,44,7,19,0,0,0,0,0,0,0,0,0,0,0,0,1
2,21,0,0,0,0,0,0,0,0,0,0,0,0,0,0,0,0,0,1
1,271,24,696,118,35,315,0,0,0,0,0,0,0,0,0,0,0,0,0
16,506,69,0,0,0,0,0,0,0,0,0,0,0,0,0,0,0,0,1
61,52,0,0,0,0,0,0,0,0,0,0,0,0,0,0,0,0,0,0
291,11,119,0,0,0,0,0,0,0,0,0,0,0,0,0,0,0,0,1
3,649,1,15,14,0,0,0,0,0,0,0,0,0,0,0,0,0,0,0
40,20,25,37,0,0,0,0,0,0,0,0,0,0,0,0,0,0,0,0
228,625,42,47,373,625,400,8,573,0,0,0,0,0,0,0,0,0,0,0
58,654,0,0,0,0,0,0,0,0,0,0,0,0,0,0,0,0,0,0
1,62,228,19,0,0,0,0,0,0,0,0,0,0,0,0,0,0,0,1
146,265,0,0,0,0,0,0,0,0,0,0,0,0,0,0,0,0,0,0
50,1,91,0,0,0,0,0,0,0,0,0,0,0,0,0,0,0,0,0
27,208,0,0,0,0,0,0,0,0,0,0,0,0,0,0,0,0,0,0
227,623,22,1,43,0,0,0,0,0,0,0,0,0,0,0,0,0,0,0
237,653,458,602,85,89,79,25,163,59,0,0,0,0,0,0,0,0,0,0
28,211,111,121,655,3,25,49,86,1,29,0,0,0,0,0,0,0,0,1
12,32,559,0,0,0,0,0,0,0,0,0,0,0,0,0,0,0,0,1
4,30,257,0,0,0,0,0,0,0,0,0,0,0,0,0,0,0,0,1
65,26,282,608,43,367,0,0,0,0,0,0,0,0,0,0,0,0,0,0
71,0,0,0,0,0,0,0,0,0,0,0,0,0,0,0,0,0,0,1
4,5,0,0,0,0,0,0,0,0,0,0,0,0,0,0,0,0,0,1
112,0,0,0,0,0,0,0,0,0,0,0,0,0,0,0,0,0,0,0
82,139,377,0,0,0,0,0,0,0,0,0,0,0,0,0,0,0,0,0
101,2,322,74,23,0,0,0,0,0,0,0,0,0,0,0,0,0,0,1
64,84,0,0,0,0,0,0,0,0,0,0,0,0,0,0,0,0,0,1
11,251,7,19,11,190,305,0,0,0,0,0,0,0,0,0,0,0,0,1
5,82,137,501,338,63,0,0,0,0,0,0,0,0,0,0,0,0,0,0
19,63,3,349,121,226,238,656,714,0,0,0,0,0,0,0,0,0,0,1
192,2,182,247,0,0,0,0,0,0,0,0,0,0,0,0,0,0,0,1
365,15,26,545,379,81,0,0,0,0,0,0,0,0,0,0,0,0,0,0
119,44,21,65,105,0,0,0,0,0,0,0,0,0,0,0,0,0,0,1
13,79,1,275,311,189,16,86,165,46,175,0,0,0,0,0,0,0,0,0
50,1,1,72,574,344,104,0,0,0,0,0,0,0,0,0,0,0,0,0
341,0,0,0,0,0,0,0,0,0,0,0,0,0,0,0,0,0,0,0
215,1,257,12,1,25,37,0,0,0,0,0,0,0,0,0,0,0,0,0
17,17,17,1,23,82,22,1,66,7,0,0,0,0,0,0,0,0,0,1
601,459,35,1,21,164,0,0,0,0,0,0,0,0,0,0,0,0,0,0
22,210,29,38,215,175,58,2,0,0,0,0,0,0,0,0,0,0,0,1
113,151,255,202,537,6,0,0,0,0,0,0,0,0,0,0,0,0,0,0
588,204,38,511,77,0,0,0,0,0,0,0,0,0,0,0,0,0,0,0
195,16,0,0,0,0,0,0,0,0,0,0,0,0,0,0,0,0,0,0
2,16,288,0,0,0,0,0,0,0,0,0,0,0,0,0,0,0,0,1
34,0,0,0,0,0,0,0,0,0,0,0,0,0,0,0,0,0,0,1
733,252,1,114,3,0,0,0,0,0,0,0,0,0,0,0,0,0,0,0
150,6,4,366,0,0,0,0,0,0,0,0,0,0,0,0,0,0,0,1
638,29,123,8,280,0,0,0,0,0,0,0,0,0,0,0,0,0,0,1
4,11,190,0,0,0,0,0,0,0,0,0,0,0,0,0,0,0,0,1
82,505,0,0,0,0,0,0,0,0,0,0,0,0,0,0,0,0,0,0
150,629,425,202,564,68,0,0,0,0,0,0,0,0,0,0,0,0,0,1
2,391,34,5,84,657,0,0,0,0,0,0,0,0,0,0,0,0,0,1
539,483,90,45,260,712,13,0,0,0,0,0,0,0,0,0,0,0,0,0
3,31,165,200,0,0,0,0,0,0,0,0,0,0,0,0,0,0,0,1
104,184,247,0,0,0,0,0,0,0,0,0,0,0,0,0,0,0,0,1
1,80,1,75,10,0,0,0,0,0,0,0,0,0,0,0,0,0,0,0
341,0,0,0,0,0,0,0,0,0,0,0,0,0,0,0,0,0,0,0
54,132,2,207,6,508,0,0,0,0,0,0,0,0,0,0,0,0,0,0
15,171,0,0,0,0,0,0,0,0,0,0,0,0,0,0,0,0,0,1
441,174,336,0,0,0,0,0,0,0,0,0,0,0,0,0,0,0,0,1
45,23,81,326,237,534,8,88,14,296,0,0,0,0,0,0,0,0,0,0
1,75,99,0,0,0,0,0,0,0,0,0,0,0,0,0,0,0,0,0
191,392,256,531,42,0,0,0,0,0,0,0,0,0,0,0,0,0,0,1
172,306,558,70,230,42,0,0,0,0,0,0,0,0,0,0,0,0,0,0
575,200,0,0,0,0,0,0,0,0,0,0,0,0,0,0,0,0,0,1
111,519,9,153,11,0,0,0,0,0,0,0,0,0,0,0,0,0,0,1
451,183,0,0,0,0,0,0,0,0,0,0,0,0,0,0,0,0,0,0
131,585,2,79,359,221,6,78,110,658,197,0,0,0,0,0,0,0,0,1
51,4,207,0,0,0,0,0,0,0,0,0,0,0,0,0,0,0,0,1
280,8,503,120,1,196,617,376,386,0,0,0,0,0,0,0,0,0,0,0
55,41,457,54,0,0,0,0,0,0,0,0,0,0,0,0,0,0,0,0
5,18,27,536,88,14,361,45,240,644,2,36,8,280,0,0,0,0,0,1
1,267,68,0,0,0,0,0,0,0,0,0,0,0,0,0,0,0,0,1
292,48,673,0,0,0,0,0,0,0,0,0,0,0,0,0,0,0,0,0
4,240,486,0,0,0,0,0,0,0,0,0,0,0,0,0,0,0,0,1
55,0,0,0,0,0,0,0,0,0,0,0,0,0,0,0,0,0,0,0
81,396,0,0,0,0,0,0,0,0,0,0,0,0,0,0,0,0,0,0
97,39,1,15,8,28,78,367,12,530,0,0,0,0,0,0,0,0,0,0
26,38,188,531,6,0,0,0,0,0,0,0,0,0,0,0,0,0,0,1
16,0,0,0,0,0,0,0,0,0,0,0,0,0,0,0,0,0,0,1
9,2,180,73,249,152,191,504,0,0,0,0,0,0,0,0,0,0,0,1
72,0,0,0,0,0,0,0,0,0,0,0,0,0,0,0,0,0,0,1
177,0,0,0,0,0,0,0,0,0,0,0,0,0,0,0,0,0,0,1
6,168,0,0,0,0,0,0,0,0,0,0,0,0,0,0,0,0,0,1
6,202,26,0,0,0,0,0,0,0,0,0,0,0,0,0,0,0,0,0
85,18,204,12,539,7,25,0,0,0,0,0,0,0,0,0,0,0,0,0
368,548,138,218,0,0,0,0,0,0,0,0,0,0,0,0,0,0,0,0
1,278,2,0,0,0,0,0,0,0,0,0,0,0,0,0,0,0,0,1
381,1,84,277,10,0,0,0,0,0,0,0,0,0,0,0,0,0,0,0
31,142,4,16,169,186,604,0,0,0,0,0,0,0,0,0,0,0,0,1
1,2,0,0,0,0,0,0,0,0,0,0,0,0,0,0,0,0,0,0
57,20,0,0,0,0,0,0,0,0,0,0,0,0,0,0,0,0,0,0
31,165,118,0,0,0,0,0,0,0,0,0,0,0,0,0,0,0,0,1
5,543,159,0,0,0,0,0,0,0,0,0,0,0,0,0,0,0,0,1
58,6,0,0,0,0,0,0,0,0,0,0,0,0,0,0,0,0,0,1
179,8,11,10,49,194,0,0,0,0,0,0,0,0,0,0,0,0,0,0
6,104,15,0,0,0,0,0,0,0,0,0,0,0,0,0,0,0,0,0
15,8,0,0,0,0,0,0,0,0,0,0,0,0,0,0,0,0,0,1
601,286,2,327,0,0,0,0,0,0,0,0,0,0,0,0,0,0,0,0
148,93,168,69,254,260,155,390,70,152,0,0,0,0,0,0,0,0,0,1
17,0,0,0,0,0,0,0,0,0,0,0,0,0,0,0,0,0,0,0
261,87,94,127,0,0,0,0,0,0,0,0,0,0,0,0,0,0,0,1
109,10,0,0,0,0,0,0,0,0,0,0,0,0,0,0,0,0,0,0
30,106,208,0,0,0,0,0,0,0,0,0,0,0,0,0,0,0,0,1
51,49,11,12,35,220,0,0,0,0,0,0,0,0,0,0,0,0,0,0
15,2,103,181,19,30,20,0,0,0,0,0,0,0,0,0,0,0,0,1
362,167,647,213,5,8,17,0,0,0,0,0,0,0,0,0,0,0,0,1
240,0,0,0,0,0,0,0,0,0,0,0,0,0,0,0,0,0,0,0
714,15,278,38,9,0,0,0,0,0,0,0,0,0,0,0,0,0,0,0
576,73,110,577,167,30,0,0,0,0,0,0,0,0,0,0,0,0,0,0
42,41,72,245,14,4,0,0,0,0,0,0,0,0,0,0,0,0,0,1
6,24,231,4,201,23,526,462,0,0,0,0,0,0,0,0,0,0,0,1
39,15,84,92,252,186,0,0,0,0,0,0,0,0,0,0,0,0,0,1
105,107,112,0,0,0,0,0,0,0,0,0,0,0,0,0,0,0,0,0
4,5,4,298,0,0,0,0,0,0,0,0,0,0,0,0,0,0,0,1
556,281,0,0,0,0,0,0,0,0,0,0,0,0,0,0,0,0,0,0
34,11,0,0,0,0,0,0,0,0,0,0,0,0,0,0,0,0,0,1
1,143,1,135,0,0,0,0,0,0,0,0,0,0,0,0,0,0,0,0
221,68,92,5,203,2,70,124,0,0,0,0,0,0,0,0,0,0,0,0
48,106,507,0,0,0,0,0,0,0,0,0,0,0,0,0,0,0,0,1
134,52,389,106,208,0,0,0,0,0,0,0,0,0,0,0,0,0,0,1
34,301,9,46,423,89,0,0,0,0,0,0,0,0,0,0,0,0,0,1
17,397,0,0,0,0,0,0,0,0,0,0,0,0,0,0,0,0,0,1
3,299,4,21,5,659,0,0,0,0,0,0,0,0,0,0,0,0,0,1
2,5,4,298,0,0,0,0,0,0,0,0,0,0,0,0,0,0,0,1
31,41,51,0,0,0,0,0,0,0,0,0,0,0,0,0,0,0,0,1
299,660,14,4,0,0,0,0,0,0,0,0,0,0,0,0,0,0,0,1
272,69,0,0,0,0,0,0,0,0,0,0,0,0,0,0,0,0,0,1
382,208,0,0,0,0,0,0,0,0,0,0,0,0,0,0,0,0,0,1
4,3,0,0,0,0,0,0,0,0,0,0,0,0,0,0,0,0,0,1
3,48,35,225,0,0,0,0,0,0,0,0,0,0,0,0,0,0,0,0
16,168,69,0,0,0,0,0,0,0,0,0,0,0,0,0,0,0,0,1
456,7,0,0,0,0,0,0,0,0,0,0,0,0,0,0,0,0,0,1
96,393,0,0,0,0,0,0,0,0,0,0,0,0,0,0,0,0,0,1
1,165,0,0,0,0,0,0,0,0,0,0,0,0,0,0,0,0,0,0
35,38,16,192,11,242,16,299,142,0,0,0,0,0,0,0,0,0,0,0
154,1,278,0,0,0,0,0,0,0,0,0,0,0,0,0,0,0,0,0
7,19,0,0,0,0,0,0,0,0,0,0,0,0,0,0,0,0,0,1
319,0,0,0,0,0,0,0,0,0,0,0,0,0,0,0,0,0,0,0
125,219,126,658,0,0,0,0,0,0,0,0,0,0,0,0,0,0,0,0
1,342,0,0,0,0,0,0,0,0,0,0,0,0,0,0,0,0,0,0
15,117,145,464,76,77,169,570,17,51,0,0,0,0,0,0,0,0,0,1
1,278,244,264,23,0,0,0,0,0,0,0,0,0,0,0,0,0,0,0
4,6,0,0,0,0,0,0,0,0,0,0,0,0,0,0,0,0,0,1
112,3,125,403,0,0,0,0,0,0,0,0,0,0,0,0,0,0,0,0
54,646,0,0,0,0,0,0,0,0,0,0,0,0,0,0,0,0,0,1
69,23,9,0,0,0,0,0,0,0,0,0,0,0,0,0,0,0,0,1
273,53,121,92,0,0,0,0,0,0,0,0,0,0,0,0,0,0,0,1
203,37,99,78,0,0,0,0,0,0,0,0,0,0,0,0,0,0,0,0
7,67,242,67,202,0,0,0,0,0,0,0,0,0,0,0,0,0,0,0
19,364,430,51,374,471,0,0,0,0,0,0,0,0,0,0,0,0,0,1
1,35,205,394,0,0,0,0,0,0,0,0,0,0,0,0,0,0,0,0
14,8,470,14,7,78,6,0,0,0,0,0,0,0,0,0,0,0,0,1
396,311,0,0,0,0,0,0,0,0,0,0,0,0,0,0,0,0,0,0
294,262,70,94,488,122,7,0,0,0,0,0,0,0,0,0,0,0,0,0
3,320,108,0,0,0,0,0,0,0,0,0,0,0,0,0,0,0,0,1
264,0,0,0,0,0,0,0,0,0,0,0,0,0,0,0,0,0,0,1
518,69,2,165,0,0,0,0,0,0,0,0,0,0,0,0,0,0,0,1
4,21,0,0,0,0,0,0,0,0,0,0,0,0,0,0,0,0,0,1
48,2,41,0,0,0,0,0,0,0,0,0,0,0,0,0,0,0,0,1
148,4,9,200,263,322,0,0,0,0,0,0,0,0,0,0,0,0,0,1
199,0,0,0,0,0,0,0,0,0,0,0,0,0,0,0,0,0,0,1
40,25,37,11,40,20,393,11,125,0,0,0,0,0,0,0,0,0,0,0
299,314,52,25,734,249,264,76,128,255,58,128,655,0,0,0,0,0,0,0
137,12,12,129,661,0,0,0,0,0,0,0,0,0,0,0,0,0,0,0
89,82,82,62,13,39,0,0,0,0,0,0,0,0,0,0,0,0,0,0
372,21,83,0,0,0,0,0,0,0,0,0,0,0,0,0,0,0,0,0
2,51,0,0,0,0,0,0,0,0,0,0,0,0,0,0,0,0,0,1
645,375,19,0,0,0,0,0,0,0,0,0,0,0,0,0,0,0,0,0
3,4,260,256,149,0,0,0,0,0,0,0,0,0,0,0,0,0,0,1
28,659,0,0,0,0,0,0,0,0,0,0,0,0,0,0,0,0,0,1
1,106,216,0,0,0,0,0,0,0,0,0,0,0,0,0,0,0,0,0
1,517,3,735,662,0,0,0,0,0,0,0,0,0,0,0,0,0,0,0
198,54,128,10,11,0,0,0,0,0,0,0,0,0,0,0,0,0,0,0
370,161,663,392,15,1,256,161,141,0,0,0,0,0,0,0,0,0,0,0
3,388,173,92,187,220,5,0,0,0,0,0,0,0,0,0,0,0,0,0
12,122,383,335,22,0,0,0,0,0,0,0,0,0,0,0,0,0,0,1
125,77,491,376,244,3,0,0,0,0,0,0,0,0,0,0,0,0,0,1
57,86,0,0,0,0,0,0,0,0,0,0,0,0,0,0,0,0,0,0
45,516,279,276,0,0,0,0,0,0,0,0,0,0,0,0,0,0,0,1
320,28,384,24,7,12,278,4,207,0,0,0,0,0,0,0,0,0,0,0
451,71,0,0,0,0,0,0,0,0,0,0,0,0,0,0,0,0,0,1
481,591,387,0,0,0,0,0,0,0,0,0,0,0,0,0,0,0,0,0
5,153,425,350,564,579,0,0,0,0,0,0,0,0,0,0,0,0,0,0
4,28,102,0,0,0,0,0,0,0,0,0,0,0,0,0,0,0,0,1
472,0,0,0,0,0,0,0,0,0,0,0,0,0,0,0,0,0,0,1
133,48,2,45,300,5,0,0,0,0,0,0,0,0,0,0,0,0,0,1
111,74,607,7,0,0,0,0,0,0,0,0,0,0,0,0,0,0,0,1
74,352,553,0,0,0,0,0,0,0,0,0,0,0,0,0,0,0,0,0
88,6,210,76,12,220,167,0,0,0,0,0,0,0,0,0,0,0,0,0
33,736,0,0,0,0,0,0,0,0,0,0,0,0,0,0,0,0,0,0
83,297,531,0,0,0,0,0,0,0,0,0,0,0,0,0,0,0,0,0
124,67,109,45,304,118,173,2,0,0,0,0,0,0,0,0,0,0,0,0
1,143,41,0,0,0,0,0,0,0,0,0,0,0,0,0,0,0,0,0
34,156,0,0,0,0,0,0,0,0,0,0,0,0,0,0,0,0,0,1
643,235,10,530,520,67,269,58,17,9,0,0,0,0,0,0,0,0,0,0
466,271,95,33,0,0,0,0,0,0,0,0,0,0,0,0,0,0,0,1
275,21,36,119,394,168,0,0,0,0,0,0,0,0,0,0,0,0,0,0
17,85,377,0,0,0,0,0,0,0,0,0,0,0,0,0,0,0,0,0
238,92,0,0,0,0,0,0,0,0,0,0,0,0,0,0,0,0,0,1
14,4,0,0,0,0,0,0,0,0,0,0,0,0,0,0,0,0,0,1
5,108,550,0,0,0,0,0,0,0,0,0,0,0,0,0,0,0,0,1
122,94,0,0,0,0,0,0,0,0,0,0,0,0,0,0,0,0,0,0
50,12,170,97,0,0,0,0,0,0,0,0,0,0,0,0,0,0,0,1
39,138,457,0,0,0,0,0,0,0,0,0,0,0,0,0,0,0,0,0
15,195,0,0,0,0,0,0,0,0,0,0,0,0,0,0,0,0,0,0
157,157,267,7,7,0,0,0,0,0,0,0,0,0,0,0,0,0,0,0
70,715,28,210,70,505,400,20,360,301,65,0,0,0,0,0,0,0,0,1
365,81,33,0,0,0,0,0,0,0,0,0,0,0,0,0,0,0,0,0
298,24,458,3,1,62,5,0,0,0,0,0,0,0,0,0,0,0,0,0
114,737,1,2,0,0,0,0,0,0,0,0,0,0,0,0,0,0,0,0
332,173,436,0,0,0,0,0,0,0,0,0,0,0,0,0,0,0,0,0
101,0,0,0,0,0,0,0,0,0,0,0,0,0,0,0,0,0,0,1
30,10,58,1,176,33,91,43,0,0,0,0,0,0,0,0,0,0,0,0
168,0,0,0,0,0,0,0,0,0,0,0,0,0,0,0,0,0,0,0
103,57,208,27,389,0,0,0,0,0,0,0,0,0,0,0,0,0,0,0
516,279,0,0,0,0,0,0,0,0,0,0,0,0,0,0,0,0,0,1
346,4,68,0,0,0,0,0,0,0,0,0,0,0,0,0,0,0,0,1
554,303,572,2,18,0,0,0,0,0,0,0,0,0,0,0,0,0,0,1
8,76,249,411,548,83,0,0,0,0,0,0,0,0,0,0,0,0,0,0
139,170,0,0,0,0,0,0,0,0,0,0,0,0,0,0,0,0,0,1
18,603,0,0,0,0,0,0,0,0,0,0,0,0,0,0,0,0,0,1
1,455,650,45,141,361,489,0,0,0,0,0,0,0,0,0,0,0,0,1
24,19,430,0,0,0,0,0,0,0,0,0,0,0,0,0,0,0,0,1
124,70,86,66,6,369,0,0,0,0,0,0,0,0,0,0,0,0,0,1
22,231,526,10,21,83,0,0,0,0,0,0,0,0,0,0,0,0,0,0
80,7,5,58,334,568,27,97,68,0,0,0,0,0,0,0,0,0,0,1
29,238,131,1,0,0,0,0,0,0,0,0,0,0,0,0,0,0,0,0
152,1,84,51,0,0,0,0,0,0,0,0,0,0,0,0,0,0,0,0
19,354,254,0,0,0,0,0,0,0,0,0,0,0,0,0,0,0,0,1
1,316,60,115,10,203,390,288,0,0,0,0,0,0,0,0,0,0,0,0
692,0,0,0,0,0,0,0,0,0,0,0,0,0,0,0,0,0,0,1
184,48,236,1,281,0,0,0,0,0,0,0,0,0,0,0,0,0,0,0
28,24,555,0,0,0,0,0,0,0,0,0,0,0,0,0,0,0,0,0
138,0,0,0,0,0,0,0,0,0,0,0,0,0,0,0,0,0,0,1
39,1,1,8,0,0,0,0,0,0,0,0,0,0,0,0,0,0,0,0
227,0,0,0,0,0,0,0,0,0,0,0,0,0,0,0,0,0,0,0
639,252,275,557,51,2,9,0,0,0,0,0,0,0,0,0,0,0,0,1
57,16,300,0,0,0,0,0,0,0,0,0,0,0,0,0,0,0,0,0
7,1,283,664,3,61,0,0,0,0,0,0,0,0,0,0,0,0,0,0
665,171,3,0,0,0,0,0,0,0,0,0,0,0,0,0,0,0,0,1
179,259,558,230,0,0,0,0,0,0,0,0,0,0,0,0,0,0,0,0
175,19,4,0,0,0,0,0,0,0,0,0,0,0,0,0,0,0,0,1
261,239,126,1,429,222,0,0,0,0,0,0,0,0,0,0,0,0,0,1
233,1,14,18,0,0,0,0,0,0,0,0,0,0,0,0,0,0,0,0
211,126,430,11,71,0,0,0,0,0,0,0,0,0,0,0,0,0,0,1
43,0,0,0,0,0,0,0,0,0,0,0,0,0,0,0,0,0,0,0
10,0,0,0,0,0,0,0,0,0,0,0,0,0,0,0,0,0,0,1
140,224,383,373,576,645,213,0,0,0,0,0,0,0,0,0,0,0,0,1
40,12,497,164,104,661,0,0,0,0,0,0,0,0,0,0,0,0,0,0
85,1,35,5,283,0,0,0,0,0,0,0,0,0,0,0,0,0,0,0
42,363,499,307,48,18,0,0,0,0,0,0,0,0,0,0,0,0,0,1
136,17,90,30,0,0,0,0,0,0,0,0,0,0,0,0,0,0,0,1
2,21,130,113,1,35,262,0,0,0,0,0,0,0,0,0,0,0,0,1
171,3,33,35,0,0,0,0,0,0,0,0,0,0,0,0,0,0,0,1
349,232,0,0,0,0,0,0,0,0,0,0,0,0,0,0,0,0,0,0
16,31,51,48,561,666,117,357,0,0,0,0,0,0,0,0,0,0,0,1
91,98,172,547,667,0,0,0,0,0,0,0,0,0,0,0,0,0,0,1
70,44,221,582,6,0,0,0,0,0,0,0,0,0,0,0,0,0,0,0
633,0,0,0,0,0,0,0,0,0,0,0,0,0,0,0,0,0,0,1
109,6,0,0,0,0,0,0,0,0,0,0,0,0,0,0,0,0,0,0
100,1,153,87,37,23,426,0,0,0,0,0,0,0,0,0,0,0,0,0
271,102,401,0,0,0,0,0,0,0,0,0,0,0,0,0,0,0,0,1
122,7,47,0,0,0,0,0,0,0,0,0,0,0,0,0,0,0,0,1
12,1,32,216,125,0,0,0,0,0,0,0,0,0,0,0,0,0,0,0
134,22,29,131,30,91,38,39,27,468,0,0,0,0,0,0,0,0,0,0
19,39,274,0,0,0,0,0,0,0,0,0,0,0,0,0,0,0,0,1
98,161,9,236,0,0,0,0,0,0,0,0,0,0,0,0,0,0,0,0
33,0,0,0,0,0,0,0,0,0,0,0,0,0,0,0,0,0,0,0
78,328,612,452,67,11,170,97,67,9,461,0,0,0,0,0,0,0,0,0
2,3,8,194,0,0,0,0,0,0,0,0,0,0,0,0,0,0,0,1
524,6,682,273,0,0,0,0,0,0,0,0,0,0,0,0,0,0,0,1
1,164,293,525,28,716,310,513,0,0,0,0,0,0,0,0,0,0,0,0
57,511,22,25,0,0,0,0,0,0,0,0,0,0,0,0,0,0,0,0
3,18,0,0,0,0,0,0,0,0,0,0,0,0,0,0,0,0,0,1
528,225,0,0,0,0,0,0,0,0,0,0,0,0,0,0,0,0,0,0
230,65,138,150,0,0,0,0,0,0,0,0,0,0,0,0,0,0,0,0
93,29,123,139,0,0,0,0,0,0,0,0,0,0,0,0,0,0,0,1
640,614,13,436,102,0,0,0,0,0,0,0,0,0,0,0,0,0,0,0
174,469,220,285,0,0,0,0,0,0,0,0,0,0,0,0,0,0,0,1
406,38,637,391,0,0,0,0,0,0,0,0,0,0,0,0,0,0,0,1
241,1,14,0,0,0,0,0,0,0,0,0,0,0,0,0,0,0,0,0
717,0,0,0,0,0,0,0,0,0,0,0,0,0,0,0,0,0,0,0
42,172,5,82,317,200,73,362,73,63,8,14,149,0,0,0,0,0,0,1
262,107,198,578,70,455,5,20,27,0,0,0,0,0,0,0,0,0,0,1
274,203,67,192,97,67,0,0,0,0,0,0,0,0,0,0,0,0,0,0
45,13,0,0,0,0,0,0,0,0,0,0,0,0,0,0,0,0,0,0
250,0,0,0,0,0,0,0,0,0,0,0,0,0,0,0,0,0,0,1
3,15,78,0,0,0,0,0,0,0,0,0,0,0,0,0,0,0,0,1
13,412,0,0,0,0,0,0,0,0,0,0,0,0,0,0,0,0,0,0
73,59,334,0,0,0,0,0,0,0,0,0,0,0,0,0,0,0,0,0
183,0,0,0,0,0,0,0,0,0,0,0,0,0,0,0,0,0,0,0
37,0,0,0,0,0,0,0,0,0,0,0,0,0,0,0,0,0,0,1
83,36,21,0,0,0,0,0,0,0,0,0,0,0,0,0,0,0,0,0
59,24,199,10,0,0,0,0,0,0,0,0,0,0,0,0,0,0,0,1
215,1,49,12,231,11,27,616,146,0,0,0,0,0,0,0,0,0,0,0
88,366,195,0,0,0,0,0,0,0,0,0,0,0,0,0,0,0,0,0
166,42,248,36,0,0,0,0,0,0,0,0,0,0,0,0,0,0,0,1
221,543,550,291,327,0,0,0,0,0,0,0,0,0,0,0,0,0,0,1
524,717,143,97,6,197,228,0,0,0,0,0,0,0,0,0,0,0,0,0
19,0,0,0,0,0,0,0,0,0,0,0,0,0,0,0,0,0,0,1
360,5,32,0,0,0,0,0,0,0,0,0,0,0,0,0,0,0,0,1
3,73,33,0,0,0,0,0,0,0,0,0,0,0,0,0,0,0,0,1
450,172,10,306,22,1,42,655,0,0,0,0,0,0,0,0,0,0,0,0
4,16,9,0,0,0,0,0,0,0,0,0,0,0,0,0,0,0,0,1
13,0,0,0,0,0,0,0,0,0,0,0,0,0,0,0,0,0,0,0
419,105,41,389,239,121,1,245,417,0,0,0,0,0,0,0,0,0,0,1
446,267,0,0,0,0,0,0,0,0,0,0,0,0,0,0,0,0,0,1
17,5,22,1,302,12,578,23,370,0,0,0,0,0,0,0,0,0,0,0
1,75,10,0,0,0,0,0,0,0,0,0,0,0,0,0,0,0,0,0
2,246,4,9,4,16,0,0,0,0,0,0,0,0,0,0,0,0,0,1
577,401,0,0,0,0,0,0,0,0,0,0,0,0,0,0,0,0,0,1
5,18,7,19,647,80,0,0,0,0,0,0,0,0,0,0,0,0,0,1
54,1,468,18,0,0,0,0,0,0,0,0,0,0,0,0,0,0,0,0
4,88,46,248,4,201,21,0,0,0,0,0,0,0,0,0,0,0,0,1
19,30,20,0,0,0,0,0,0,0,0,0,0,0,0,0,0,0,0,1
337,345,677,253,279,28,172,5,387,116,222,92,369,95,44,0,0,0,0,1
169,35,2,651,22,1,0,0,0,0,0,0,0,0,0,0,0,0,0,1
120,1,471,51,0,0,0,0,0,0,0,0,0,0,0,0,0,0,0,1
49,7,164,128,6,0,0,0,0,0,0,0,0,0,0,0,0,0,0,0
46,334,123,8,194,522,9,0,0,0,0,0,0,0,0,0,0,0,0,1
331,105,293,5,0,0,0,0,0,0,0,0,0,0,0,0,0,0,0,1
313,139,0,0,0,0,0,0,0,0,0,0,0,0,0,0,0,0,0,1
40,146,0,0,0,0,0,0,0,0,0,0,0,0,0,0,0,0,0,0
318,5,362,211,33,0,0,0,0,0,0,0,0,0,0,0,0,0,0,1
6,470,472,447,0,0,0,0,0,0,0,0,0,0,0,0,0,0,0,1
248,585,476,699,126,0,0,0,0,0,0,0,0,0,0,0,0,0,0,1
442,4,121,49,534,19,208,27,128,157,44,381,0,0,0,0,0,0,0,1
12,32,216,0,0,0,0,0,0,0,0,0,0,0,0,0,0,0,0,1
38,475,0,0,0,0,0,0,0,0,0,0,0,0,0,0,0,0,0,1
241,584,63,63,89,33,0,0,0,0,0,0,0,0,0,0,0,0,0,0
121,421,6,77,223,130,0,0,0,0,0,0,0,0,0,0,0,0,0,1
148,168,46,506,23,581,148,0,0,0,0,0,0,0,0,0,0,0,0,1
1,248,36,158,0,0,0,0,0,0,0,0,0,0,0,0,0,0,0,0
573,463,465,259,58,22,1,0,0,0,0,0,0,0,0,0,0,0,0,0
52,409,660,0,0,0,0,0,0,0,0,0,0,0,0,0,0,0,0,0
2,0,0,0,0,0,0,0,0,0,0,0,0,0,0,0,0,0,0,1
420,13,0,0,0,0,0,0,0,0,0,0,0,0,0,0,0,0,0,0
100,1,3,0,0,0,0,0,0,0,0,0,0,0,0,0,0,0,0,1
3,0,0,0,0,0,0,0,0,0,0,0,0,0,0,0,0,0,0,1
55,2,247,0,0,0,0,0,0,0,0,0,0,0,0,0,0,0,0,1
493,135,0,0,0,0,0,0,0,0,0,0,0,0,0,0,0,0,0,0
217,0,0,0,0,0,0,0,0,0,0,0,0,0,0,0,0,0,0,0
72,592,118,0,0,0,0,0,0,0,0,0,0,0,0,0,0,0,0,0
230,151,103,0,0,0,0,0,0,0,0,0,0,0,0,0,0,0,0,1
78,152,472,0,0,0,0,0,0,0,0,0,0,0,0,0,0,0,0,1
2,50,0,0,0,0,0,0,0,0,0,0,0,0,0,0,0,0,0,1
664,90,22,1,307,67,0,0,0,0,0,0,0,0,0,0,0,0,0,0
227,43,462,1,176,0,0,0,0,0,0,0,0,0,0,0,0,0,0,0
215,8,9,16,0,0,0,0,0,0,0,0,0,0,0,0,0,0,0,1
8,578,122,576,285,160,48,155,0,0,0,0,0,0,0,0,0,0,0,1
88,465,693,536,440,18,245,0,0,0,0,0,0,0,0,0,0,0,0,0
96,0,0,0,0,0,0,0,0,0,0,0,0,0,0,0,0,0,0,1
186,47,14,0,0,0,0,0,0,0,0,0,0,0,0,0,0,0,0,1
353,48,527,48,12,1,190,0,0,0,0,0,0,0,0,0,0,0,0,0
100,1,87,37,0,0,0,0,0,0,0,0,0,0,0,0,0,0,0,0
12,1,0,0,0,0,0,0,0,0,0,0,0,0,0,0,0,0,0,0
227,2,0,0,0,0,0,0,0,0,0,0,0,0,0,0,0,0,0,1
622,523,0,0,0,0,0,0,0,0,0,0,0,0,0,0,0,0,0,1
84,0,0,0,0,0,0,0,0,0,0,0,0,0,0,0,0,0,0,1
57,189,16,0,0,0,0,0,0,0,0,0,0,0,0,0,0,0,0,0
44,134,415,191,0,0,0,0,0,0,0,0,0,0,0,0,0,0,0,1
274,41,54,0,0,0,0,0,0,0,0,0,0,0,0,0,0,0,0,0
4,6,0,0,0,0,0,0,0,0,0,0,0,0,0,0,0,0,0,1
15,61,113,1,14,0,0,0,0,0,0,0,0,0,0,0,0,0,0,0
343,11,4,577,345,448,0,0,0,0,0,0,0,0,0,0,0,0,0,1
214,260,14,88,71,186,0,0,0,0,0,0,0,0,0,0,0,0,0,1
16,4,23,98,385,0,0,0,0,0,0,0,0,0,0,0,0,0,0,1
162,238,482,66,113,130,113,442,130,73,10,66,6,178,0,0,0,0,0,0
5,351,47,358,224,544,576,668,293,0,0,0,0,0,0,0,0,0,0,1
241,1,665,52,661,504,0,0,0,0,0,0,0,0,0,0,0,0,0,0
23,22,1,118,237,0,0,0,0,0,0,0,0,0,0,0,0,0,0,0
578,31,59,361,45,47,5,0,0,0,0,0,0,0,0,0,0,0,0,1
323,67,0,0,0,0,0,0,0,0,0,0,0,0,0,0,0,0,0,0
52,562,156,641,0,0,0,0,0,0,0,0,0,0,0,0,0,0,0,0
305,620,1,231,320,287,1,491,313,56,0,0,0,0,0,0,0,0,0,0
546,500,551,401,0,0,0,0,0,0,0,0,0,0,0,0,0,0,0,0
114,61,465,309,0,0,0,0,0,0,0,0,0,0,0,0,0,0,0,0
11,2,0,0,0,0,0,0,0,0,0,0,0,0,0,0,0,0,0,1
1,75,10,0,0,0,0,0,0,0,0,0,0,0,0,0,0,0,0,0
231,678,500,599,0,0,0,0,0,0,0,0,0,0,0,0,0,0,0,0
388,94,94,0,0,0,0,0,0,0,0,0,0,0,0,0,0,0,0,1
332,2,144,0,0,0,0,0,0,0,0,0,0,0,0,0,0,0,0,1
324,39,142,0,0,0,0,0,0,0,0,0,0,0,0,0,0,0,0,1
18,238,13,0,0,0,0,0,0,0,0,0,0,0,0,0,0,0,0,0
2,87,262,11,708,11,128,218,0,0,0,0,0,0,0,0,0,0,0,1
669,597,414,0,0,0,0,0,0,0,0,0,0,0,0,0,0,0,0,0
670,6,10,53,23,6,58,4,0,0,0,0,0,0,0,0,0,0,0,1
109,0,0,0,0,0,0,0,0,0,0,0,0,0,0,0,0,0,0,0
212,24,247,0,0,0,0,0,0,0,0,0,0,0,0,0,0,0,0,1
15,180,333,0,0,0,0,0,0,0,0,0,0,0,0,0,0,0,0,1
154,195,0,0,0,0,0,0,0,0,0,0,0,0,0,0,0,0,0,0
121,3,23,53,648,541,76,153,29,569,327,153,29,39,0,0,0,0,0,0
3,13,0,0,0,0,0,0,0,0,0,0,0,0,0,0,0,0,0,0
15,355,77,7,95,676,2,0,0,0,0,0,0,0,0,0,0,0,0,0
222,1,53,308,9,67,0,0,0,0,0,0,0,0,0,0,0,0,0,0
112,540,110,6,0,0,0,0,0,0,0,0,0,0,0,0,0,0,0,0
134,113,306,530,0,0,0,0,0,0,0,0,0,0,0,0,0,0,0,0
238,281,38,38,7,671,0,0,0,0,0,0,0,0,0,0,0,0,0,1
45,8,92,698,119,711,633,13,0,0,0,0,0,0,0,0,0,0,0,0
181,40,280,37,12,1,32,0,0,0,0,0,0,0,0,0,0,0,0,0
50,398,574,301,331,43,0,0,0,0,0,0,0,0,0,0,0,0,0,0
16,0,0,0,0,0,0,0,0,0,0,0,0,0,0,0,0,0,0,0
554,303,2,639,0,0,0,0,0,0,0,0,0,0,0,0,0,0,0,1
273,0,0,0,0,0,0,0,0,0,0,0,0,0,0,0,0,0,0,1
519,427,46,32,50,0,0,0,0,0,0,0,0,0,0,0,0,0,0,1
12,32,0,0,0,0,0,0,0,0,0,0,0,0,0,0,0,0,0,1
1,62,0,0,0,0,0,0,0,0,0,0,0,0,0,0,0,0,0,0
123,394,169,395,420,395,0,0,0,0,0,0,0,0,0,0,0,0,0,0
542,553,330,385,0,0,0,0,0,0,0,0,0,0,0,0,0,0,0,0
646,179,103,2,0,0,0,0,0,0,0,0,0,0,0,0,0,0,0,1
136,17,470,63,28,0,0,0,0,0,0,0,0,0,0,0,0,0,0,0
40,184,609,0,0,0,0,0,0,0,0,0,0,0,0,0,0,0,0,0
14,0,0,0,0,0,0,0,0,0,0,0,0,0,0,0,0,0,0,1
11,190,17,12,20,232,334,490,0,0,0,0,0,0,0,0,0,0,0,0
1,75,99,10,0,0,0,0,0,0,0,0,0,0,0,0,0,0,0,0
1,75,10,92,557,5,0,0,0,0,0,0,0,0,0,0,0,0,0,0
382,62,79,149,433,716,0,0,0,0,0,0,0,0,0,0,0,0,0,1
129,185,150,460,5,26,56,0,0,0,0,0,0,0,0,0,0,0,0,1
226,19,546,0,0,0,0,0,0,0,0,0,0,0,0,0,0,0,0,1
395,0,0,0,0,0,0,0,0,0,0,0,0,0,0,0,0,0,0,0
75,0,0,0,0,0,0,0,0,0,0,0,0,0,0,0,0,0,0,0
30,166,42,313,34,0,0,0,0,0,0,0,0,0,0,0,0,0,0,1
31,317,5,0,0,0,0,0,0,0,0,0,0,0,0,0,0,0,0,1
70,294,36,30,0,0,0,0,0,0,0,0,0,0,0,0,0,0,0,0
34,88,15,48,2,21,0,0,0,0,0,0,0,0,0,0,0,0,0,1
35,6,19,600,0,0,0,0,0,0,0,0,0,0,0,0,0,0,0,0
272,69,0,0,0,0,0,0,0,0,0,0,0,0,0,0,0,0,0,1
95,86,105,30,458,0,0,0,0,0,0,0,0,0,0,0,0,0,0,0
52,18,16,42,0,0,0,0,0,0,0,0,0,0,0,0,0,0,0,0
571,8,108,59,0,0,0,0,0,0,0,0,0,0,0,0,0,0,0,1
181,137,20,80,551,115,0,0,0,0,0,0,0,0,0,0,0,0,0,0
565,555,648,0,0,0,0,0,0,0,0,0,0,0,0,0,0,0,0,0
392,268,312,0,0,0,0,0,0,0,0,0,0,0,0,0,0,0,0,0
1,141,24,312,0,0,0,0,0,0,0,0,0,0,0,0,0,0,0,0
50,112,423,17,449,104,377,0,0,0,0,0,0,0,0,0,0,0,0,0
11,33,29,107,12,128,0,0,0,0,0,0,0,0,0,0,0,0,0,0
41,31,14,38,444,7,0,0,0,0,0,0,0,0,0,0,0,0,0,1
348,2,0,0,0,0,0,0,0,0,0,0,0,0,0,0,0,0,0,0
204,48,495,0,0,0,0,0,0,0,0,0,0,0,0,0,0,0,0,0
2,27,5,4,5,623,7,5,20,27,0,0,0,0,0,0,0,0,0,1
53,40,37,0,0,0,0,0,0,0,0,0,0,0,0,0,0,0,0,0
685,25,457,9,0,0,0,0,0,0,0,0,0,0,0,0,0,0,0,1
70,156,166,296,203,249,67,294,439,110,297,354,0,0,0,0,0,0,0,1
148,24,69,0,0,0,0,0,0,0,0,0,0,0,0,0,0,0,0,1
96,393,0,0,0,0,0,0,0,0,0,0,0,0,0,0,0,0,0,1
103,448,64,295,2,9,13,9,453,13,9,0,0,0,0,0,0,0,0,0
258,508,6,0,0,0,0,0,0,0,0,0,0,0,0,0,0,0,0,1
224,3,225,15,13,0,0,0,0,0,0,0,0,0,0,0,0,0,0,0
600,0,0,0,0,0,0,0,0,0,0,0,0,0,0,0,0,0,0,0
243,191,0,0,0,0,0,0,0,0,0,0,0,0,0,0,0,0,0,1
78,50,66,671,151,15,18,466,103,0,0,0,0,0,0,0,0,0,0,1
1,37,0,0,0,0,0,0,0,0,0,0,0,0,0,0,0,0,0,0
23,34,13,3,1,159,3,0,0,0,0,0,0,0,0,0,0,0,0,0
45,225,0,0,0,0,0,0,0,0,0,0,0,0,0,0,0,0,0,0
142,0,0,0,0,0,0,0,0,0,0,0,0,0,0,0,0,0,0,1
220,180,0,0,0,0,0,0,0,0,0,0,0,0,0,0,0,0,0,1
368,283,0,0,0,0,0,0,0,0,0,0,0,0,0,0,0,0,0,0
404,97,67,450,388,221,0,0,0,0,0,0,0,0,0,0,0,0,0,0
35,12,8,25,37,120,1,26,16,40,232,0,0,0,0,0,0,0,0,0
129,144,0,0,0,0,0,0,0,0,0,0,0,0,0,0,0,0,0,0
9,4,93,518,0,0,0,0,0,0,0,0,0,0,0,0,0,0,0,1
151,18,30,167,131,0,0,0,0,0,0,0,0,0,0,0,0,0,0,1
324,718,0,0,0,0,0,0,0,0,0,0,0,0,0,0,0,0,0,0
12,32,371,383,14,25,0,0,0,0,0,0,0,0,0,0,0,0,0,1
92,119,12,1,447,35,137,0,0,0,0,0,0,0,0,0,0,0,0,0
136,0,0,0,0,0,0,0,0,0,0,0,0,0,0,0,0,0,0,1
127,66,47,440,0,0,0,0,0,0,0,0,0,0,0,0,0,0,0,1
171,0,0,0,0,0,0,0,0,0,0,0,0,0,0,0,0,0,0,1
2,21,0,0,0,0,0,0,0,0,0,0,0,0,0,0,0,0,0,1
55,5,329,200,0,0,0,0,0,0,0,0,0,0,0,0,0,0,0,1
465,35,171,47,36,11,68,183,348,0,0,0,0,0,0,0,0,0,0,0
98,37,312,0,0,0,0,0,0,0,0,0,0,0,0,0,0,0,0,0
234,23,0,0,0,0,0,0,0,0,0,0,0,0,0,0,0,0,0,0
55,13,0,0,0,0,0,0,0,0,0,0,0,0,0,0,0,0,0,0
11,555,213,0,0,0,0,0,0,0,0,0,0,0,0,0,0,0,0,0
88,126,6,615,2,0,0,0,0,0,0,0,0,0,0,0,0,0,0,1
15,2,137,159,0,0,0,0,0,0,0,0,0,0,0,0,0,0,0,1
171,16,0,0,0,0,0,0,0,0,0,0,0,0,0,0,0,0,0,1
51,561,205,351,182,719,27,1,0,0,0,0,0,0,0,0,0,0,0,1
528,1,81,141,0,0,0,0,0,0,0,0,0,0,0,0,0,0,0,1
702,0,0,0,0,0,0,0,0,0,0,0,0,0,0,0,0,0,0,0
389,135,0,0,0,0,0,0,0,0,0,0,0,0,0,0,0,0,0,0
31,88,2,44,0,0,0,0,0,0,0,0,0,0,0,0,0,0,0,1
110,631,6,178,65,25,150,57,577,0,0,0,0,0,0,0,0,0,0,0
441,663,64,1,193,174,0,0,0,0,0,0,0,0,0,0,0,0,0,0
43,1,0,0,0,0,0,0,0,0,0,0,0,0,0,0,0,0,0,1
107,10,198,3,0,0,0,0,0,0,0,0,0,0,0,0,0,0,0,1
41,4,29,163,72,25,452,413,380,0,0,0,0,0,0,0,0,0,0,1
1,1,77,0,0,0,0,0,0,0,0,0,0,0,0,0,0,0,0,1
310,532,320,501,0,0,0,0,0,0,0,0,0,0,0,0,0,0,0,0
91,43,1,23,309,76,36,38,43,0,0,0,0,0,0,0,0,0,0,1
140,224,250,3,467,0,0,0,0,0,0,0,0,0,0,0,0,0,0,0
1,106,0,0,0,0,0,0,0,0,0,0,0,0,0,0,0,0,0,0
206,138,37,157,10,1,23,35,0,0,0,0,0,0,0,0,0,0,0,0
75,99,10,0,0,0,0,0,0,0,0,0,0,0,0,0,0,0,0,0
7,319,350,3,483,234,319,446,0,0,0,0,0,0,0,0,0,0,0,0
15,121,199,0,0,0,0,0,0,0,0,0,0,0,0,0,0,0,0,1
83,21,16,0,0,0,0,0,0,0,0,0,0,0,0,0,0,0,0,0
426,3,0,0,0,0,0,0,0,0,0,0,0,0,0,0,0,0,0,0
58,13,521,367,201,0,0,0,0,0,0,0,0,0,0,0,0,0,0,0
148,4,575,4,0,0,0,0,0,0,0,0,0,0,0,0,0,0,0,1
160,641,48,410,103,490,350,332,5,25,0,0,0,0,0,0,0,0,0,1
3,586,163,0,0,0,0,0,0,0,0,0,0,0,0,0,0,0,0,0
133,535,457,420,0,0,0,0,0,0,0,0,0,0,0,0,0,0,0,0
256,192,0,0,0,0,0,0,0,0,0,0,0,0,0,0,0,0,0,1
37,0,0,0,0,0,0,0,0,0,0,0,0,0,0,0,0,0,0,0
31,16,0,0,0,0,0,0,0,0,0,0,0,0,0,0,0,0,0,1
187,547,51,275,12,49,21,654,133,1,0,0,0,0,0,0,0,0,0,1
486,5,402,10,0,0,0,0,0,0,0,0,0,0,0,0,0,0,0,1
326,318,1,114,2,0,0,0,0,0,0,0,0,0,0,0,0,0,0,0
88,14,604,0,0,0,0,0,0,0,0,0,0,0,0,0,0,0,0,0
96,32,50,0,0,0,0,0,0,0,0,0,0,0,0,0,0,0,0,1
40,178,0,0,0,0,0,0,0,0,0,0,0,0,0,0,0,0,0,0
141,312,1,60,205,13,0,0,0,0,0,0,0,0,0,0,0,0,0,0
55,45,318,361,0,0,0,0,0,0,0,0,0,0,0,0,0,0,0,1
444,44,359,15,171,16,0,0,0,0,0,0,0,0,0,0,0,0,0,1
14,4,130,113,260,374,233,70,10,0,0,0,0,0,0,0,0,0,0,1
178,422,265,42,265,88,362,23,694,381,0,0,0,0,0,0,0,0,0,1
1,91,0,0,0,0,0,0,0,0,0,0,0,0,0,0,0,0,0,0
9,33,556,336,152,0,0,0,0,0,0,0,0,0,0,0,0,0,0,0
216,461,660,14,4,418,6,36,43,233,0,0,0,0,0,0,0,0,0,1
316,89,99,363,0,0,0,0,0,0,0,0,0,0,0,0,0,0,0,0
97,650,6,15,47,220,236,260,150,0,0,0,0,0,0,0,0,0,0,0
11,127,111,380,265,0,0,0,0,0,0,0,0,0,0,0,0,0,0,1
6,8,66,177,0,0,0,0,0,0,0,0,0,0,0,0,0,0,0,1
22,1,376,161,0,0,0,0,0,0,0,0,0,0,0,0,0,0,0,1
255,0,0,0,0,0,0,0,0,0,0,0,0,0,0,0,0,0,0,0
323,124,40,78,141,192,95,119,98,331,0,0,0,0,0,0,0,0,0,0
480,2,209,0,0,0,0,0,0,0,0,0,0,0,0,0,0,0,0,1
1,62,140,207,11,100,1,37,0,0,0,0,0,0,0,0,0,0,0,0
4,126,264,0,0,0,0,0,0,0,0,0,0,0,0,0,0,0,0,0
120,1,42,50,0,0,0,0,0,0,0,0,0,0,0,0,0,0,0,0
15,173,147,0,0,0,0,0,0,0,0,0,0,0,0,0,0,0,0,1
64,517,315,18,84,559,0,0,0,0,0,0,0,0,0,0,0,0,0,1
203,124,26,9,385,142,9,445,656,119,8,129,0,0,0,0,0,0,0,0
274,416,54,10,12,15,31,416,198,87,428,157,44,359,0,0,0,0,0,1
4,17,90,0,0,0,0,0,0,0,0,0,0,0,0,0,0,0,0,1
41,509,0,0,0,0,0,0,0,0,0,0,0,0,0,0,0,0,0,1
49,17,5,380,538,73,67,0,0,0,0,0,0,0,0,0,0,0,0,1
548,1,312,12,0,0,0,0,0,0,0,0,0,0,0,0,0,0,0,0
1,15,164,19,408,710,0,0,0,0,0,0,0,0,0,0,0,0,0,0
188,31,0,0,0,0,0,0,0,0,0,0,0,0,0,0,0,0,0,1
570,385,242,105,704,184,0,0,0,0,0,0,0,0,0,0,0,0,0,0
13,21,0,0,0,0,0,0,0,0,0,0,0,0,0,0,0,0,0,0
271,93,669,0,0,0,0,0,0,0,0,0,0,0,0,0,0,0,0,1
323,323,0,0,0,0,0,0,0,0,0,0,0,0,0,0,0,0,0,0
54,3,497,44,0,0,0,0,0,0,0,0,0,0,0,0,0,0,0,1
54,10,20,98,71,68,58,295,86,127,0,0,0,0,0,0,0,0,0,1
150,316,443,453,100,1,0,0,0,0,0,0,0,0,0,0,0,0,0,0
71,0,0,0,0,0,0,0,0,0,0,0,0,0,0,0,0,0,0,1
6,440,282,0,0,0,0,0,0,0,0,0,0,0,0,0,0,0,0,0
40,236,9,666,35,205,0,0,0,0,0,0,0,0,0,0,0,0,0,0
652,1,432,496,205,0,0,0,0,0,0,0,0,0,0,0,0,0,0,1
534,6,86,374,219,42,0,0,0,0,0,0,0,0,0,0,0,0,0,0
58,29,168,279,4,0,0,0,0,0,0,0,0,0,0,0,0,0,0,1
557,95,73,126,114,18,0,0,0,0,0,0,0,0,0,0,0,0,0,1
76,70,79,1,93,166,219,0,0,0,0,0,0,0,0,0,0,0,0,0
8,15,503,552,617,503,0,0,0,0,0,0,0,0,0,0,0,0,0,1
3,431,325,173,0,0,0,0,0,0,0,0,0,0,0,0,0,0,0,0
17,169,272,136,17,161,1,0,0,0,0,0,0,0,0,0,0,0,0,0
48,0,0,0,0,0,0,0,0,0,0,0,0,0,0,0,0,0,0,0
131,30,0,0,0,0,0,0,0,0,0,0,0,0,0,0,0,0,0,1
215,2,6,143,0,0,0,0,0,0,0,0,0,0,0,0,0,0,0,1
31,5,0,0,0,0,0,0,0,0,0,0,0,0,0,0,0,0,0,1
19,113,80,269,0,0,0,0,0,0,0,0,0,0,0,0,0,0,0,1
130,113,18,113,29,164,40,409,393,0,0,0,0,0,0,0,0,0,0,1
1,14,421,6,233,214,113,0,0,0,0,0,0,0,0,0,0,0,0,0
443,0,0,0,0,0,0,0,0,0,0,0,0,0,0,0,0,0,0,0
4,41,164,471,167,0,0,0,0,0,0,0,0,0,0,0,0,0,0,1
610,12,19,33,0,0,0,0,0,0,0,0,0,0,0,0,0,0,0,0
229,0,0,0,0,0,0,0,0,0,0,0,0,0,0,0,0,0,0,1
11,33,556,375,9,0,0,0,0,0,0,0,0,0,0,0,0,0,0,0
621,738,44,181,5,373,0,0,0,0,0,0,0,0,0,0,0,0,0,1
31,36,21,0,0,0,0,0,0,0,0,0,0,0,0,0,0,0,0,1
19,126,0,0,0,0,0,0,0,0,0,0,0,0,0,0,0,0,0,1
59,222,149,0,0,0,0,0,0,0,0,0,0,0,0,0,0,0,0,1
201,103,417,6,391,0,0,0,0,0,0,0,0,0,0,0,0,0,0,0
90,144,301,99,403,1,0,0,0,0,0,0,0,0,0,0,0,0,0,0
114,329,568,437,0,0,0,0,0,0,0,0,0,0,0,0,0,0,0,1
1,25,235,2,9,0,0,0,0,0,0,0,0,0,0,0,0,0,0,0
6,104,0,0,0,0,0,0,0,0,0,0,0,0,0,0,0,0,0,1
14,145,258,72,38,52,0,0,0,0,0,0,0,0,0,0,0,0,0,1
352,74,2,412,492,0,0,0,0,0,0,0,0,0,0,0,0,0,0,1
206,276,105,370,34,574,161,97,25,0,0,0,0,0,0,0,0,0,0,1
45,474,0,0,0,0,0,0,0,0,0,0,0,0,0,0,0,0,0,0
6,26,134,53,496,0,0,0,0,0,0,0,0,0,0,0,0,0,0,1
52,163,18,264,98,6,44,359,0,0,0,0,0,0,0,0,0,0,0,1
388,94,36,21,0,0,0,0,0,0,0,0,0,0,0,0,0,0,0,1
33,13,6,259,380,0,0,0,0,0,0,0,0,0,0,0,0,0,0,0
132,13,0,0,0,0,0,0,0,0,0,0,0,0,0,0,0,0,0,0
31,0,0,0,0,0,0,0,0,0,0,0,0,0,0,0,0,0,0,1
24,630,408,484,719,27,303,379,510,183,334,264,2,0,0,0,0,0,0,1
360,128,218,68,0,0,0,0,0,0,0,0,0,0,0,0,0,0,0,0
136,71,0,0,0,0,0,0,0,0,0,0,0,0,0,0,0,0,0,1
5,670,0,0,0,0,0,0,0,0,0,0,0,0,0,0,0,0,0,0
54,454,46,575,356,69,148,0,0,0,0,0,0,0,0,0,0,0,0,1
23,53,0,0,0,0,0,0,0,0,0,0,0,0,0,0,0,0,0,0
46,227,21,0,0,0,0,0,0,0,0,0,0,0,0,0,0,0,0,1
347,33,3,22,12,0,0,0,0,0,0,0,0,0,0,0,0,0,0,0
49,273,56,635,5,0,0,0,0,0,0,0,0,0,0,0,0,0,0,1
12,32,344,0,0,0,0,0,0,0,0,0,0,0,0,0,0,0,0,1
48,68,0,0,0,0,0,0,0,0,0,0,0,0,0,0,0,0,0,1
335,18,317,409,10,0,0,0,0,0,0,0,0,0,0,0,0,0,0,1
83,41,0,0,0,0,0,0,0,0,0,0,0,0,0,0,0,0,0,0
105,41,140,0,0,0,0,0,0,0,0,0,0,0,0,0,0,0,0,0
206,46,23,147,571,89,309,69,154,0,0,0,0,0,0,0,0,0,0,1
40,56,97,0,0,0,0,0,0,0,0,0,0,0,0,0,0,0,0,0
27,50,152,395,0,0,0,0,0,0,0,0,0,0,0,0,0,0,0,0
642,10,10,9,101,0,0,0,0,0,0,0,0,0,0,0,0,0,0,1
34,354,568,0,0,0,0,0,0,0,0,0,0,0,0,0,0,0,0,1
688,94,0,0,0,0,0,0,0,0,0,0,0,0,0,0,0,0,0,1
95,33,270,185,28,65,0,0,0,0,0,0,0,0,0,0,0,0,0,1
325,0,0,0,0,0,0,0,0,0,0,0,0,0,0,0,0,0,0,1
15,536,11,1,0,0,0,0,0,0,0,0,0,0,0,0,0,0,0,0
2,372,0,0,0,0,0,0,0,0,0,0,0,0,0,0,0,0,0,1
415,3,431,149,470,14,368,426,0,0,0,0,0,0,0,0,0,0,0,0
666,65,89,65,70,0,0,0,0,0,0,0,0,0,0,0,0,0,0,0
636,305,46,266,305,4,523,399,169,19,192,0,0,0,0,0,0,0,0,1
241,13,3,493,13,0,0,0,0,0,0,0,0,0,0,0,0,0,0,0
9,98,341,0,0,0,0,0,0,0,0,0,0,0,0,0,0,0,0,0
112,5,439,95,705,467,44,34,149,68,467,0,0,0,0,0,0,0,0,1
17,224,471,11,282,0,0,0,0,0,0,0,0,0,0,0,0,0,0,0
3,72,19,27,47,0,0,0,0,0,0,0,0,0,0,0,0,0,0,1
1,393,0,0,0,0,0,0,0,0,0,0,0,0,0,0,0,0,0,0
19,105,103,179,7,19,21,18,167,0,0,0,0,0,0,0,0,0,0,1
12,32,0,0,0,0,0,0,0,0,0,0,0,0,0,0,0,0,0,1
468,91,145,0,0,0,0,0,0,0,0,0,0,0,0,0,0,0,0,1
22,1,23,159,107,0,0,0,0,0,0,0,0,0,0,0,0,0,0,0
360,132,87,596,0,0,0,0,0,0,0,0,0,0,0,0,0,0,0,0
94,335,335,0,0,0,0,0,0,0,0,0,0,0,0,0,0,0,0,1
473,25,94,0,0,0,0,0,0,0,0,0,0,0,0,0,0,0,0,1
31,6,0,0,0,0,0,0,0,0,0,0,0,0,0,0,0,0,0,1
435,168,69,148,0,0,0,0,0,0,0,0,0,0,0,0,0,0,0,1
48,164,327,0,0,0,0,0,0,0,0,0,0,0,0,0,0,0,0,0
446,608,0,0,0,0,0,0,0,0,0,0,0,0,0,0,0,0,0,1
2,9,2,16,0,0,0,0,0,0,0,0,0,0,0,0,0,0,0,1
39,2,5,0,0,0,0,0,0,0,0,0,0,0,0,0,0,0,0,1
17,616,0,0,0,0,0,0,0,0,0,0,0,0,0,0,0,0,0,1
19,30,76,0,0,0,0,0,0,0,0,0,0,0,0,0,0,0,0,1
124,310,456,22,390,37,0,0,0,0,0,0,0,0,0,0,0,0,0,0
466,3,469,31,5,0,0,0,0,0,0,0,0,0,0,0,0,0,0,1
55,53,141,493,162,0,0,0,0,0,0,0,0,0,0,0,0,0,0,0
129,0,0,0,0,0,0,0,0,0,0,0,0,0,0,0,0,0,0,0
57,6,20,0,0,0,0,0,0,0,0,0,0,0,0,0,0,0,0,0
40,87,37,0,0,0,0,0,0,0,0,0,0,0,0,0,0,0,0,0
9,16,575,0,0,0,0,0,0,0,0,0,0,0,0,0,0,0,0,1
572,4,0,0,0,0,0,0,0,0,0,0,0,0,0,0,0,0,0,1
1,143,0,0,0,0,0,0,0,0,0,0,0,0,0,0,0,0,0,0
49,108,126,606,320,14,0,0,0,0,0,0,0,0,0,0,0,0,0,1
160,63,28,0,0,0,0,0,0,0,0,0,0,0,0,0,0,0,0,1
22,1,0,0,0,0,0,0,0,0,0,0,0,0,0,0,0,0,0,0
472,657,290,96,33,0,0,0,0,0,0,0,0,0,0,0,0,0,0,1
665,414,50,21,18,84,459,41,0,0,0,0,0,0,0,0,0,0,0,1
269,409,66,52,70,266,172,79,197,537,0,0,0,0,0,0,0,0,0,1
133,44,294,26,65,138,150,22,1,11,110,0,0,0,0,0,0,0,0,0
4,372,0,0,0,0,0,0,0,0,0,0,0,0,0,0,0,0,0,1
34,0,0,0,0,0,0,0,0,0,0,0,0,0,0,0,0,0,0,1
248,21,36,1,304,36,198,36,420,30,0,0,0,0,0,0,0,0,0,1
340,2,79,173,218,672,368,0,0,0,0,0,0,0,0,0,0,0,0,0
89,240,244,0,0,0,0,0,0,0,0,0,0,0,0,0,0,0,0,0
4,6,0,0,0,0,0,0,0,0,0,0,0,0,0,0,0,0,0,1
253,424,532,634,303,175,101,0,0,0,0,0,0,0,0,0,0,0,0,1
292,46,254,6,0,0,0,0,0,0,0,0,0,0,0,0,0,0,0,1
7,19,266,9,117,0,0,0,0,0,0,0,0,0,0,0,0,0,0,1
93,0,0,0,0,0,0,0,0,0,0,0,0,0,0,0,0,0,0,1
19,0,0,0,0,0,0,0,0,0,0,0,0,0,0,0,0,0,0,1
24,340,2,177,477,378,290,0,0,0,0,0,0,0,0,0,0,0,0,1
44,116,438,413,342,72,38,0,0,0,0,0,0,0,0,0,0,0,0,0
1,23,13,2,13,477,3,0,0,0,0,0,0,0,0,0,0,0,0,0
184,515,451,221,173,114,603,0,0,0,0,0,0,0,0,0,0,0,0,1
1,62,22,101,0,0,0,0,0,0,0,0,0,0,0,0,0,0,0,1
315,0,0,0,0,0,0,0,0,0,0,0,0,0,0,0,0,0,0,1
527,242,46,0,0,0,0,0,0,0,0,0,0,0,0,0,0,0,0,1
26,653,174,545,407,0,0,0,0,0,0,0,0,0,0,0,0,0,0,1
59,483,328,136,17,332,0,0,0,0,0,0,0,0,0,0,0,0,0,0
204,552,58,114,382,0,0,0,0,0,0,0,0,0,0,0,0,0,0,1
10,1,407,567,242,0,0,0,0,0,0,0,0,0,0,0,0,0,0,0
49,1,0,0,0,0,0,0,0,0,0,0,0,0,0,0,0,0,0,0
363,636,238,43,0,0,0,0,0,0,0,0,0,0,0,0,0,0,0,0
199,580,8,5,0,0,0,0,0,0,0,0,0,0,0,0,0,0,0,1
10,223,0,0,0,0,0,0,0,0,0,0,0,0,0,0,0,0,0,0
364,152,9,236,0,0,0,0,0,0,0,0,0,0,0,0,0,0,0,0
111,598,25,0,0,0,0,0,0,0,0,0,0,0,0,0,0,0,0,1
15,1,56,125,22,256,3,0,0,0,0,0,0,0,0,0,0,0,0,0
90,43,27,458,386,282,0,0,0,0,0,0,0,0,0,0,0,0,0,0
489,24,109,56,15,15,13,102,662,0,0,0,0,0,0,0,0,0,0,0
360,3,391,132,2,2,277,0,0,0,0,0,0,0,0,0,0,0,0,1
146,54,10,283,32,0,0,0,0,0,0,0,0,0,0,0,0,0,0,0
53,451,0,0,0,0,0,0,0,0,0,0,0,0,0,0,0,0,0,1
180,0,0,0,0,0,0,0,0,0,0,0,0,0,0,0,0,0,0,1
347,3,26,237,0,0,0,0,0,0,0,0,0,0,0,0,0,0,0,0
672,53,180,73,455,41,137,0,0,0,0,0,0,0,0,0,0,0,0,1
282,330,478,27,634,33,281,0,0,0,0,0,0,0,0,0,0,0,0,1
14,18,0,0,0,0,0,0,0,0,0,0,0,0,0,0,0,0,0,1
212,78,64,628,312,0,0,0,0,0,0,0,0,0,0,0,0,0,0,0
19,6,0,0,0,0,0,0,0,0,0,0,0,0,0,0,0,0,0,1
720,56,108,659,0,0,0,0,0,0,0,0,0,0,0,0,0,0,0,1
329,17,380,394,194,0,0,0,0,0,0,0,0,0,0,0,0,0,0,0
252,281,670,17,0,0,0,0,0,0,0,0,0,0,0,0,0,0,0,0
214,76,339,5,447,0,0,0,0,0,0,0,0,0,0,0,0,0,0,1
1,703,210,24,572,0,0,0,0,0,0,0,0,0,0,0,0,0,0,0
57,0,0,0,0,0,0,0,0,0,0,0,0,0,0,0,0,0,0,0
18,461,10,14,0,0,0,0,0,0,0,0,0,0,0,0,0,0,0,1
25,388,94,443,587,62,10,333,268,270,262,0,0,0,0,0,0,0,0,0
179,25,346,0,0,0,0,0,0,0,0,0,0,0,0,0,0,0,0,0
55,3,162,0,0,0,0,0,0,0,0,0,0,0,0,0,0,0,0,0
36,21,156,287,15,305,358,219,82,0,0,0,0,0,0,0,0,0,0,0
1,667,146,206,81,165,0,0,0,0,0,0,0,0,0,0,0,0,0,0
56,181,473,0,0,0,0,0,0,0,0,0,0,0,0,0,0,0,0,0
101,0,0,0,0,0,0,0,0,0,0,0,0,0,0,0,0,0,0,1
235,2,21,258,30,238,235,1,0,0,0,0,0,0,0,0,0,0,0,0
404,77,10,206,26,25,276,0,0,0,0,0,0,0,0,0,0,0,0,1
84,433,0,0,0,0,0,0,0,0,0,0,0,0,0,0,0,0,0,1
34,3,350,3,7,33,0,0,0,0,0,0,0,0,0,0,0,0,0,1
308,611,5,60,282,5,0,0,0,0,0,0,0,0,0,0,0,0,0,1
170,0,0,0,0,0,0,0,0,0,0,0,0,0,0,0,0,0,0,1
496,405,101,0,0,0,0,0,0,0,0,0,0,0,0,0,0,0,0,1
229,191,161,26,387,392,0,0,0,0,0,0,0,0,0,0,0,0,0,1
28,0,0,0,0,0,0,0,0,0,0,0,0,0,0,0,0,0,0,0
1,62,509,3,3,520,139,126,191,672,0,0,0,0,0,0,0,0,0,1
445,263,1,593,0,0,0,0,0,0,0,0,0,0,0,0,0,0,0,0
2,263,399,322,2,9,322,0,0,0,0,0,0,0,0,0,0,0,0,1
321,195,0,0,0,0,0,0,0,0,0,0,0,0,0,0,0,0,0,0
615,417,24,0,0,0,0,0,0,0,0,0,0,0,0,0,0,0,0,1
12,1,32,559,0,0,0,0,0,0,0,0,0,0,0,0,0,0,0,0
59,610,1,211,40,15,0,0,0,0,0,0,0,0,0,0,0,0,0,0
58,651,147,96,393,224,437,0,0,0,0,0,0,0,0,0,0,0,0,1
40,28,2,550,505,90,0,0,0,0,0,0,0,0,0,0,0,0,0,1
379,71,0,0,0,0,0,0,0,0,0,0,0,0,0,0,0,0,0,1
1,407,7,183,0,0,0,0,0,0,0,0,0,0,0,0,0,0,0,0
502,12,1,14,258,0,0,0,0,0,0,0,0,0,0,0,0,0,0,0
138,268,392,1,61,0,0,0,0,0,0,0,0,0,0,0,0,0,0,1
34,11,0,0,0,0,0,0,0,0,0,0,0,0,0,0,0,0,0,1
448,286,11,365,0,0,0,0,0,0,0,0,0,0,0,0,0,0,0,0
138,346,16,234,0,0,0,0,0,0,0,0,0,0,0,0,0,0,0,0
34,4,0,0,0,0,0,0,0,0,0,0,0,0,0,0,0,0,0,1
253,15,0,0,0,0,0,0,0,0,0,0,0,0,0,0,0,0,0,1
315,4,528,226,279,0,0,0,0,0,0,0,0,0,0,0,0,0,0,1
188,81,320,0,0,0,0,0,0,0,0,0,0,0,0,0,0,0,0,0
13,160,84,657,289,0,0,0,0,0,0,0,0,0,0,0,0,0,0,0
569,126,467,0,0,0,0,0,0,0,0,0,0,0,0,0,0,0,0,0
1,35,441,8,416,0,0,0,0,0,0,0,0,0,0,0,0,0,0,0
55,309,22,1,376,0,0,0,0,0,0,0,0,0,0,0,0,0,0,1
178,473,106,0,0,0,0,0,0,0,0,0,0,0,0,0,0,0,0,1
34,6,72,354,0,0,0,0,0,0,0,0,0,0,0,0,0,0,0,1
24,193,574,335,0,0,0,0,0,0,0,0,0,0,0,0,0,0,0,1
533,5,1,47,77,0,0,0,0,0,0,0,0,0,0,0,0,0,0,0
16,0,0,0,0,0,0,0,0,0,0,0,0,0,0,0,0,0,0,0
310,33,5,294,0,0,0,0,0,0,0,0,0,0,0,0,0,0,0,0
366,563,46,17,205,0,0,0,0,0,0,0,0,0,0,0,0,0,0,0
57,6,20,230,0,0,0,0,0,0,0,0,0,0,0,0,0,0,0,0
720,18,384,0,0,0,0,0,0,0,0,0,0,0,0,0,0,0,0,1
274,49,151,54,76,0,0,0,0,0,0,0,0,0,0,0,0,0,0,0
40,464,11,0,0,0,0,0,0,0,0,0,0,0,0,0,0,0,0,0
375,9,0,0,0,0,0,0,0,0,0,0,0,0,0,0,0,0,0,0
330,172,547,30,12,307,43,0,0,0,0,0,0,0,0,0,0,0,0,0
23,13,358,0,0,0,0,0,0,0,0,0,0,0,0,0,0,0,0,0
112,386,282,0,0,0,0,0,0,0,0,0,0,0,0,0,0,0,0,0
236,1,11,681,289,1,111,75,10,13,473,0,0,0,0,0,0,0,0,0
266,117,1,20,629,0,0,0,0,0,0,0,0,0,0,0,0,0,0,0
3,319,535,105,563,92,40,567,3,0,0,0,0,0,0,0,0,0,0,0
17,85,0,0,0,0,0,0,0,0,0,0,0,0,0,0,0,0,0,0
2,41,200,246,0,0,0,0,0,0,0,0,0,0,0,0,0,0,0,1
209,71,19,441,20,0,0,0,0,0,0,0,0,0,0,0,0,0,0,1
222,15,199,485,321,0,0,0,0,0,0,0,0,0,0,0,0,0,0,1
541,62,0,0,0,0,0,0,0,0,0,0,0,0,0,0,0,0,0,1
286,459,0,0,0,0,0,0,0,0,0,0,0,0,0,0,0,0,0,0
210,53,364,49,26,566,11,281,114,72,0,0,0,0,0,0,0,0,0,1
52,17,115,0,0,0,0,0,0,0,0,0,0,0,0,0,0,0,0,0
14,4,6,563,65,0,0,0,0,0,0,0,0,0,0,0,0,0,0,1
24,395,301,12,32,41,0,0,0,0,0,0,0,0,0,0,0,0,0,0
52,115,74,2,0,0,0,0,0,0,0,0,0,0,0,0,0,0,0,1
301,3,318,45,487,488,326,5,439,0,0,0,0,0,0,0,0,0,0,1
229,0,0,0,0,0,0,0,0,0,0,0,0,0,0,0,0,0,0,1
76,632,0,0,0,0,0,0,0,0,0,0,0,0,0,0,0,0,0,0
384,108,59,7,28,80,3,544,44,0,0,0,0,0,0,0,0,0,0,1
18,27,166,6,638,462,0,0,0,0,0,0,0,0,0,0,0,0,0,1
317,1,619,3,0,0,0,0,0,0,0,0,0,0,0,0,0,0,0,0
36,248,86,158,21,0,0,0,0,0,0,0,0,0,0,0,0,0,0,1
444,133,395,302,23,147,523,0,0,0,0,0,0,0,0,0,0,0,0,0
137,560,89,183,55,277,224,0,0,0,0,0,0,0,0,0,0,0,0,1
59,402,0,0,0,0,0,0,0,0,0,0,0,0,0,0,0,0,0,0
134,442,36,38,0,0,0,0,0,0,0,0,0,0,0,0,0,0,0,0
3,2,115,0,0,0,0,0,0,0,0,0,0,0,0,0,0,0,0,1
277,595,0,0,0,0,0,0,0,0,0,0,0,0,0,0,0,0,0,0
16,2,573,38,0,0,0,0,0,0,0,0,0,0,0,0,0,0,0,1
15,82,291,68,38,0,0,0,0,0,0,0,0,0,0,0,0,0,0,0
81,16,0,0,0,0,0,0,0,0,0,0,0,0,0,0,0,0,0,0
133,664,283,243,39,202,292,162,592,243,72,217,0,0,0,0,0,0,0,0
51,2,0,0,0,0,0,0,0,0,0,0,0,0,0,0,0,0,0,1
2,0,0,0,0,0,0,0,0,0,0,0,0,0,0,0,0,0,0,1
206,309,27,123,12,1,11,0,0,0,0,0,0,0,0,0,0,0,0,0
112,540,0,0,0,0,0,0,0,0,0,0,0,0,0,0,0,0,0,0
34,7,0,0,0,0,0,0,0,0,0,0,0,0,0,0,0,0,0,1
75,10,0,0,0,0,0,0,0,0,0,0,0,0,0,0,0,0,0,0
469,460,3,544,44,0,0,0,0,0,0,0,0,0,0,0,0,0,0,1
8,492,658,6,0,0,0,0,0,0,0,0,0,0,0,0,0,0,0,0
419,1,566,56,0,0,0,0,0,0,0,0,0,0,0,0,0,0,0,0
19,16,9,20,206,2,69,27,79,0,0,0,0,0,0,0,0,0,0,1
609,473,197,333,1,390,141,0,0,0,0,0,0,0,0,0,0,0,0,0
3,127,0,0,0,0,0,0,0,0,0,0,0,0,0,0,0,0,0,1
121,38,3,0,0,0,0,0,0,0,0,0,0,0,0,0,0,0,0,0
122,7,0,0,0,0,0,0,0,0,0,0,0,0,0,0,0,0,0,1
2,16,356,0,0,0,0,0,0,0,0,0,0,0,0,0,0,0,0,1
37,0,0,0,0,0,0,0,0,0,0,0,0,0,0,0,0,0,0,1
434,47,680,0,0,0,0,0,0,0,0,0,0,0,0,0,0,0,0,0
1,337,510,140,0,0,0,0,0,0,0,0,0,0,0,0,0,0,0,1
652,71,0,0,0,0,0,0,0,0,0,0,0,0,0,0,0,0,0,1
132,45,0,0,0,0,0,0,0,0,0,0,0,0,0,0,0,0,0,1
181,100,1,280,37,0,0,0,0,0,0,0,0,0,0,0,0,0,0,0
106,0,0,0,0,0,0,0,0,0,0,0,0,0,0,0,0,0,0,1
335,3,220,479,328,656,10,71,165,0,0,0,0,0,0,0,0,0,0,1
109,0,0,0,0,0,0,0,0,0,0,0,0,0,0,0,0,0,0,0
16,83,46,0,0,0,0,0,0,0,0,0,0,0,0,0,0,0,0,0
412,30,44,4,36,2,352,2,0,0,0,0,0,0,0,0,0,0,0,1
299,170,18,558,713,55,2,163,170,215,0,0,0,0,0,0,0,0,0,1
643,281,237,237,194,0,0,0,0,0,0,0,0,0,0,0,0,0,0,0
129,3,334,718,339,243,67,181,571,159,10,0,0,0,0,0,0,0,0,0
721,0,0,0,0,0,0,0,0,0,0,0,0,0,0,0,0,0,0,1
35,61,573,0,0,0,0,0,0,0,0,0,0,0,0,0,0,0,0,0
108,411,59,0,0,0,0,0,0,0,0,0,0,0,0,0,0,0,0,1
3,649,89,234,54,0,0,0,0,0,0,0,0,0,0,0,0,0,0,0
50,4,14,145,0,0,0,0,0,0,0,0,0,0,0,0,0,0,0,1
479,0,0,0,0,0,0,0,0,0,0,0,0,0,0,0,0,0,0,0
92,0,0,0,0,0,0,0,0,0,0,0,0,0,0,0,0,0,0,0
553,45,0,0,0,0,0,0,0,0,0,0,0,0,0,0,0,0,0,0
45,147,17,237,662,3,0,0,0,0,0,0,0,0,0,0,0,0,0,0
375,73,304,7,3,80,0,0,0,0,0,0,0,0,0,0,0,0,0,0
110,3,325,501,0,0,0,0,0,0,0,0,0,0,0,0,0,0,0,0
53,9,71,0,0,0,0,0,0,0,0,0,0,0,0,0,0,0,0,1
131,30,0,0,0,0,0,0,0,0,0,0,0,0,0,0,0,0,0,0
255,331,0,0,0,0,0,0,0,0,0,0,0,0,0,0,0,0,0,0
12,125,25,56,0,0,0,0,0,0,0,0,0,0,0,0,0,0,0,1
445,173,16,146,8,139,0,0,0,0,0,0,0,0,0,0,0,0,0,1
187,2,378,408,26,155,669,593,29,3,2,45,410,479,0,0,0,0,0,1
317,75,10,12,1,32,125,20,56,5,0,0,0,0,0,0,0,0,0,0
16,69,0,0,0,0,0,0,0,0,0,0,0,0,0,0,0,0,0,1
453,1,365,2,33,0,0,0,0,0,0,0,0,0,0,0,0,0,0,0
120,1,471,0,0,0,0,0,0,0,0,0,0,0,0,0,0,0,0,1
82,163,333,0,0,0,0,0,0,0,0,0,0,0,0,0,0,0,0,0
83,102,0,0,0,0,0,0,0,0,0,0,0,0,0,0,0,0,0,0
1,199,0,0,0,0,0,0,0,0,0,0,0,0,0,0,0,0,0,0
464,176,0,0,0,0,0,0,0,0,0,0,0,0,0,0,0,0,0,1
1,62,567,304,0,0,0,0,0,0,0,0,0,0,0,0,0,0,0,0
11,249,44,359,1,257,0,0,0,0,0,0,0,0,0,0,0,0,0,0
204,311,1,23,13,9,244,0,0,0,0,0,0,0,0,0,0,0,0,0
90,342,598,17,602,560,38,668,0,0,0,0,0,0,0,0,0,0,0,0
12,1,32,482,41,0,0,0,0,0,0,0,0,0,0,0,0,0,0,0
277,192,93,514,72,4,104,175,684,0,0,0,0,0,0,0,0,0,0,1
569,59,195,1,627,121,381,1,407,5,324,1,337,0,0,0,0,0,0,0
313,193,8,44,116,0,0,0,0,0,0,0,0,0,0,0,0,0,0,0
155,50,65,26,0,0,0,0,0,0,0,0,0,0,0,0,0,0,0,1
31,41,51,0,0,0,0,0,0,0,0,0,0,0,0,0,0,0,0,1
209,663,19,0,0,0,0,0,0,0,0,0,0,0,0,0,0,0,0,1
1,193,174,0,0,0,0,0,0,0,0,0,0,0,0,0,0,0,0,0
284,3,83,72,213,49,38,394,549,635,0,0,0,0,0,0,0,0,0,0
533,18,0,0,0,0,0,0,0,0,0,0,0,0,0,0,0,0,0,0
14,0,0,0,0,0,0,0,0,0,0,0,0,0,0,0,0,0,0,1
14,255,386,0,0,0,0,0,0,0,0,0,0,0,0,0,0,0,0,0
1,288,0,0,0,0,0,0,0,0,0,0,0,0,0,0,0,0,0,1
1,722,1,278,254,0,0,0,0,0,0,0,0,0,0,0,0,0,0,0
134,6,198,0,0,0,0,0,0,0,0,0,0,0,0,0,0,0,0,0
13,208,0,0,0,0,0,0,0,0,0,0,0,0,0,0,0,0,0,0
392,1,8,0,0,0,0,0,0,0,0,0,0,0,0,0,0,0,0,0
59,474,162,0,0,0,0,0,0,0,0,0,0,0,0,0,0,0,0,0
3,270,542,332,0,0,0,0,0,0,0,0,0,0,0,0,0,0,0,0
13,68,0,0,0,0,0,0,0,0,0,0,0,0,0,0,0,0,0,0
89,49,721,77,52,427,50,0,0,0,0,0,0,0,0,0,0,0,0,1
739,1,254,69,0,0,0,0,0,0,0,0,0,0,0,0,0,0,0,0
143,185,6,1,0,0,0,0,0,0,0,0,0,0,0,0,0,0,0,0
1,91,671,306,54,10,179,233,0,0,0,0,0,0,0,0,0,0,0,0
124,331,0,0,0,0,0,0,0,0,0,0,0,0,0,0,0,0,0,0
9,529,19,0,0,0,0,0,0,0,0,0,0,0,0,0,0,0,0,0
104,15,2,9,0,0,0,0,0,0,0,0,0,0,0,0,0,0,0,1
1,2,0,0,0,0,0,0,0,0,0,0,0,0,0,0,0,0,0,0
12,1,32,11,0,0,0,0,0,0,0,0,0,0,0,0,0,0,0,0
17,85,0,0,0,0,0,0,0,0,0,0,0,0,0,0,0,0,0,0
35,211,338,332,398,0,0,0,0,0,0,0,0,0,0,0,0,0,0,1
13,9,480,0,0,0,0,0,0,0,0,0,0,0,0,0,0,0,0,0
1,25,0,0,0,0,0,0,0,0,0,0,0,0,0,0,0,0,0,1
49,19,102,521,137,28,74,0,0,0,0,0,0,0,0,0,0,0,0,1
21,41,0,0,0,0,0,0,0,0,0,0,0,0,0,0,0,0,0,1
1,333,0,0,0,0,0,0,0,0,0,0,0,0,0,0,0,0,0,0
1,128,107,0,0,0,0,0,0,0,0,0,0,0,0,0,0,0,0,0
16,44,48,106,0,0,0,0,0,0,0,0,0,0,0,0,0,0,0,1
39,28,85,17,74,289,118,110,0,0,0,0,0,0,0,0,0,0,0,0
120,1,295,61,0,0,0,0,0,0,0,0,0,0,0,0,0,0,0,0
1,300,296,0,0,0,0,0,0,0,0,0,0,0,0,0,0,0,0,0
400,321,180,137,53,180,140,10,23,478,0,0,0,0,0,0,0,0,0,1
63,422,0,0,0,0,0,0,0,0,0,0,0,0,0,0,0,0,0,0
184,77,668,182,1,466,424,0,0,0,0,0,0,0,0,0,0,0,0,1
498,654,0,0,0,0,0,0,0,0,0,0,0,0,0,0,0,0,0,0
3,31,186,472,89,126,40,173,129,32,3,280,139,522,637,0,0,0,0,1
394,0,0,0,0,0,0,0,0,0,0,0,0,0,0,0,0,0,0,0
88,24,595,0,0,0,0,0,0,0,0,0,0,0,0,0,0,0,0,0
104,314,0,0,0,0,0,0,0,0,0,0,0,0,0,0,0,0,0,1
5,489,28,0,0,0,0,0,0,0,0,0,0,0,0,0,0,0,0,1
275,21,439,36,284,0,0,0,0,0,0,0,0,0,0,0,0,0,0,0
120,1,56,3,125,178,0,0,0,0,0,0,0,0,0,0,0,0,0,0
41,245,21,217,0,0,0,0,0,0,0,0,0,0,0,0,0,0,0,0
39,15,90,5,35,87,197,74,0,0,0,0,0,0,0,0,0,0,0,0
39,49,22,36,30,0,0,0,0,0,0,0,0,0,0,0,0,0,0,0
200,0,0,0,0,0,0,0,0,0,0,0,0,0,0,0,0,0,0,1
72,722,443,2,6,0,0,0,0,0,0,0,0,0,0,0,0,0,0,1
15,8,41,258,43,112,0,0,0,0,0,0,0,0,0,0,0,0,0,1
100,1,0,0,0,0,0,0,0,0,0,0,0,0,0,0,0,0,0,1
49,691,2,102,0,0,0,0,0,0,0,0,0,0,0,0,0,0,0,1
24,77,34,0,0,0,0,0,0,0,0,0,0,0,0,0,0,0,0,1
166,418,421,0,0,0,0,0,0,0,0,0,0,0,0,0,0,0,0,1
270,178,328,0,0,0,0,0,0,0,0,0,0,0,0,0,0,0,0,0
288,297,218,340,621,54,293,0,0,0,0,0,0,0,0,0,0,0,0,0
374,343,102,5,0,0,0,0,0,0,0,0,0,0,0,0,0,0,0,0
9,2,266,9,0,0,0,0,0,0,0,0,0,0,0,0,0,0,0,1
1,60,125,62,687,539,62,273,0,0,0,0,0,0,0,0,0,0,0,1
52,202,495,0,0,0,0,0,0,0,0,0,0,0,0,0,0,0,0,0
381,2,192,0,0,0,0,0,0,0,0,0,0,0,0,0,0,0,0,1
50,7,44,137,468,0,0,0,0,0,0,0,0,0,0,0,0,0,0,1
438,120,434,1,14,6,0,0,0,0,0,0,0,0,0,0,0,0,0,0
715,24,0,0,0,0,0,0,0,0,0,0,0,0,0,0,0,0,0,0
3,94,271,253,447,56,102,1,80,0,0,0,0,0,0,0,0,0,0,1
1,95,308,53,11,55,48,18,0,0,0,0,0,0,0,0,0,0,0,1
94,0,0,0,0,0,0,0,0,0,0,0,0,0,0,0,0,0,0,1
11,356,9,329,1,84,0,0,0,0,0,0,0,0,0,0,0,0,0,0
111,0,0,0,0,0,0,0,0,0,0,0,0,0,0,0,0,0,0,0
53,667,570,0,0,0,0,0,0,0,0,0,0,0,0,0,0,0,0,0
163,12,76,230,97,7,19,30,20,700,0,0,0,0,0,0,0,0,0,1
461,1,0,0,0,0,0,0,0,0,0,0,0,0,0,0,0,0,0,0
391,706,217,0,0,0,0,0,0,0,0,0,0,0,0,0,0,0,0,0
